{
  "label_aps": {
    "car": {
      "2.0": 0.7639753086419754
    },
    "truck": {
      "2.0": 0.9929453262786597
    },
    "bus": {
      "2.0": 0.0
    },
    "trailer": {
      "2.0": 0.9938271604938275
    },
    "construction_vehicle": {
      "2.0": 1.0000000000000004
    },
    "pedestrian": {
      "2.0": 0.4805555555555556
    },
    "motorcycle": {
      "2.0": 0.0
    },
    "bicycle": {
      "2.0": 0.0
    },
    "traffic_cone": {
      "2.0": 0.2555555555555556
    },
    "barrier": {
      "2.0": 0.6389109347442681
    }
  },
  "label_aps_crit": {
    "car": {
      "2.0": 0.7639753086419754
    },
    "truck": {
      "2.0": 0.9929453262786597
    },
    "bus": {
      "2.0": 0.0
    },
    "trailer": {
      "2.0": 0.9938271604938275
    },
    "construction_vehicle": {
      "2.0": 1.0000000000000004
    },
    "pedestrian": {
      "2.0": 0.4805555555555556
    },
    "motorcycle": {
      "2.0": 0.0
    },
    "bicycle": {
      "2.0": 0.0
    },
    "traffic_cone": {
      "2.0": 0.2555555555555556
    },
    "barrier": {
      "2.0": 0.6389109347442681
    }
  },
  "mean_dist_aps": {
    "car": 0.7639753086419754,
    "truck": 0.9929453262786597,
    "bus": 0.0,
    "trailer": 0.9938271604938275,
    "construction_vehicle": 1.0000000000000004,
    "pedestrian": 0.4805555555555556,
    "motorcycle": 0.0,
    "bicycle": 0.0,
    "traffic_cone": 0.2555555555555556,
    "barrier": 0.6389109347442681
  },
  "mean_ap": 0.5125769841269843,
  "mean_ap_crit": 0.5461980536906363,
  "label_tp_errors": {
    "barrier": {
      "trans_err": 0.6774717577985229,
      "scale_err": 0.27555535435002554,
      "orient_err": 0.013421625232362696,
      "vel_err": NaN,
      "attr_err": NaN
    },
    "car": {
      "trans_err": 0.0,
      "scale_err": 0.0,
      "orient_err": 0.0,
      "vel_err": 0.0,
      "attr_err": 0.0
    },
    "truck": {
      "trans_err": 0.0,
      "scale_err": 0.0,
      "orient_err": 0.0,
      "vel_err": 0.0,
      "attr_err": 0.0
    },
    "bus": {
      "trans_err": 0.0,
      "scale_err": 0.0,
      "orient_err": 0.0,
      "vel_err": 0.0,
      "attr_err": 0.0
    },
    "trailer": {
      "trans_err": 0.0,
      "scale_err": 0.0,
      "orient_err": 0.0,
      "vel_err": 0.0,
      "attr_err": 0.0
    },
    "construction_vehicle": {
      "trans_err": 0.0,
      "scale_err": 0.0,
      "orient_err": 0.0,
      "vel_err": 0.0,
      "attr_err": 0.0
    },
    "pedestrian": {
      "trans_err": 0.0,
      "scale_err": 0.0,
      "orient_err": 0.0,
      "vel_err": 0.0,
      "attr_err": 0.0
    },
    "motorcycle": {
      "trans_err": 0.0,
      "scale_err": 0.0,
      "orient_err": 0.0,
      "vel_err": 0.0,
      "attr_err": 0.0
    },
    "bicycle": {
      "trans_err": 0.0,
      "scale_err": 0.0,
      "orient_err": 0.0,
      "vel_err": 0.0,
      "attr_err": 0.0
    },
    "traffic_cone": {
      "trans_err": 0.0,
      "scale_err": 0.0,
      "orient_err": 0.0,
      "vel_err": 0.0,
      "attr_err": 0.0
    }
  },
  "tp_errors": {
    "trans_err": 0.06774717577985229,
    "scale_err": 0.027555535435002554,
    "orient_err": 0.0013421625232362697,
    "vel_err": 0.0,
    "attr_err": 0.0
  },
  "tp_scores": {
    "trans_err": 0.9322528242201478,
    "scale_err": 0.9724444645649974,
    "orient_err": 0.9986578374767637,
    "vel_err": 1.0,
    "attr_err": 1.0
  },
  "nd_score": 0.746624004689683,
  "eval_time": null,
  "cfg": {
    "class_range": {
      "car": 50,
      "truck": 50,
      "bus": 50,
      "trailer": 50,
      "construction_vehicle": 50,
      "pedestrian": 40,
      "motorcycle": 40,
      "bicycle": 40,
      "traffic_cone": 30,
      "barrier": 30
    },
    "dist_fcn": "center_distance",
    "dist_ths": [
      0.5,
      1.0,
      2.0,
      4.0
    ],
    "dist_th_tp": 2.0,
    "min_recall": 0.1,
    "min_precision": 0.1,
    "max_boxes_per_sample": 500,
    "mean_ap_weight": 5
  },
  "meta": {
    "use_lidar": true,
    "use_camera": false,
    "use_radar": false,
    "use_map": false,
    "use_external": false
  }
}