{
  "label_aps": {
    "car": {
      "2.0": 0.3521851851851852
    },
    "truck": {
      "2.0": 0.9938271604938275
    },
    "bus": {
      "2.0": 0.0
    },
    "trailer": {
      "2.0": 1.0000000000000004
    },
    "construction_vehicle": {
      "2.0": 0.0
    },
    "pedestrian": {
      "2.0": 0.6222222222222222
    },
    "motorcycle": {
      "2.0": 0.0
    },
    "bicycle": {
      "2.0": 0.0
    },
    "traffic_cone": {
      "2.0": 0.0
    },
    "barrier": {
      "2.0": 0.3333333333333333
    }
  },
  "label_aps_crit": {
    "car": {
      "2.0": 0.3521851851851852
    },
    "truck": {
      "2.0": 0.9938271604938275
    },
    "bus": {
      "2.0": 0.0
    },
    "trailer": {
      "2.0": 1.0000000000000004
    },
    "construction_vehicle": {
      "2.0": 0.0
    },
    "pedestrian": {
      "2.0": 0.6222222222222222
    },
    "motorcycle": {
      "2.0": 0.0
    },
    "bicycle": {
      "2.0": 0.0
    },
    "traffic_cone": {
      "2.0": 0.0
    },
    "barrier": {
      "2.0": 0.3333333333333333
    }
  },
  "mean_dist_aps": {
    "car": 0.3521851851851852,
    "truck": 0.9938271604938275,
    "bus": 0.0,
    "trailer": 1.0000000000000004,
    "construction_vehicle": 0.0,
    "pedestrian": 0.6222222222222222,
    "motorcycle": 0.0,
    "bicycle": 0.0,
    "traffic_cone": 0.0,
    "barrier": 0.3333333333333333
  },
  "mean_ap": 0.3301567901234569,
  "mean_ap_crit": 0.36472506495757456,
  "label_tp_errors": {
    "barrier": {
      "trans_err": 0.20165729581721353,
      "scale_err": 0.2697816545191392,
      "orient_err": 0.0160084029269556,
      "vel_err": NaN,
      "attr_err": NaN
    },
    "car": {
      "trans_err": 0.0,
      "scale_err": 0.0,
      "orient_err": 0.0,
      "vel_err": 0.0,
      "attr_err": 0.0
    },
    "truck": {
      "trans_err": 0.0,
      "scale_err": 0.0,
      "orient_err": 0.0,
      "vel_err": 0.0,
      "attr_err": 0.0
    },
    "bus": {
      "trans_err": 0.0,
      "scale_err": 0.0,
      "orient_err": 0.0,
      "vel_err": 0.0,
      "attr_err": 0.0
    },
    "trailer": {
      "trans_err": 0.0,
      "scale_err": 0.0,
      "orient_err": 0.0,
      "vel_err": 0.0,
      "attr_err": 0.0
    },
    "construction_vehicle": {
      "trans_err": 0.0,
      "scale_err": 0.0,
      "orient_err": 0.0,
      "vel_err": 0.0,
      "attr_err": 0.0
    },
    "pedestrian": {
      "trans_err": 0.0,
      "scale_err": 0.0,
      "orient_err": 0.0,
      "vel_err": 0.0,
      "attr_err": 0.0
    },
    "motorcycle": {
      "trans_err": 0.0,
      "scale_err": 0.0,
      "orient_err": 0.0,
      "vel_err": 0.0,
      "attr_err": 0.0
    },
    "bicycle": {
      "trans_err": 0.0,
      "scale_err": 0.0,
      "orient_err": 0.0,
      "vel_err": 0.0,
      "attr_err": 0.0
    },
    "traffic_cone": {
      "trans_err": 0.0,
      "scale_err": 0.0,
      "orient_err": 0.0,
      "vel_err": 0.0,
      "attr_err": 0.0
    }
  },
  "tp_errors": {
    "trans_err": 0.020165729581721352,
    "scale_err": 0.02697816545191392,
    "orient_err": 0.0016008402926955601,
    "vel_err": 0.0,
    "attr_err": 0.0
  },
  "tp_scores": {
    "trans_err": 0.9798342704182786,
    "scale_err": 0.9730218345480861,
    "orient_err": 0.9983991597073044,
    "vel_err": 1.0,
    "attr_err": 1.0
  },
  "nd_score": 0.6602039215290955,
  "eval_time": null,
  "cfg": {
    "class_range": {
      "car": 50,
      "truck": 50,
      "bus": 50,
      "trailer": 50,
      "construction_vehicle": 50,
      "pedestrian": 40,
      "motorcycle": 40,
      "bicycle": 40,
      "traffic_cone": 30,
      "barrier": 30
    },
    "dist_fcn": "center_distance",
    "dist_ths": [
      0.5,
      1.0,
      2.0,
      4.0
    ],
    "dist_th_tp": 2.0,
    "min_recall": 0.1,
    "min_precision": 0.1,
    "max_boxes_per_sample": 500,
    "mean_ap_weight": 5
  },
  "meta": {
    "use_lidar": true,
    "use_camera": false,
    "use_radar": false,
    "use_map": false,
    "use_external": false
  }
}