{"Model": ["ssn-REGNET", "ssn-REGNET", "ssn-REGNET", "ssn-REGNET", "ssn-REGNET", "ssn-REGNET", "ssn-REGNET", "ssn-REGNET", "ssn-REGNET", "ssn-REGNET", "ssn-REGNET", "ssn-REGNET", "ssn-REGNET", "ssn-REGNET", "ssn-REGNET", "ssn-REGNET", "ssn-REGNET", "ssn-REGNET", "ssn-REGNET", "ssn-REGNET", "ssn-REGNET", "ssn-REGNET", "ssn-REGNET", "ssn-REGNET", "ssn-REGNET", "ssn-REGNET", "ssn-REGNET", "ssn-REGNET", "ssn-REGNET", "ssn-REGNET", "ssn-REGNET", "ssn-REGNET", "ssn-REGNET", "ssn-REGNET", "ssn-REGNET", "ssn-REGNET", "ssn-REGNET", "ssn-REGNET", "ssn-REGNET", "ssn-REGNET"], "MAX_DISTANCE_OBJ": [30.0, 30.0, 30.0, 30.0, 30.0, 30.0, 30.0, 30.0, 30.0, 30.0, 30.0, 30.0, 30.0, 30.0, 30.0, 30.0, 30.0, 30.0, 30.0, 30.0, 30.0, 30.0, 30.0, 30.0, 30.0, 30.0, 30.0, 30.0, 30.0, 30.0, 30.0, 30.0, 30.0, 30.0, 30.0, 30.0, 30.0, 30.0, 30.0, 30.0], "MAX_DISTANCE_INTERSECT": [20.0, 20.0, 20.0, 20.0, 20.0, 20.0, 20.0, 20.0, 20.0, 20.0, 20.0, 20.0, 20.0, 20.0, 20.0, 20.0, 20.0, 20.0, 20.0, 20.0, 20.0, 20.0, 20.0, 20.0, 20.0, 20.0, 20.0, 20.0, 20.0, 20.0, 20.0, 20.0, 20.0, 20.0, 20.0, 20.0, 20.0, 20.0, 20.0, 20.0], "MAX_TIME_INTERSECT": [10.0, 10.0, 10.0, 10.0, 10.0, 10.0, 10.0, 10.0, 10.0, 10.0, 10.0, 10.0, 10.0, 10.0, 10.0, 10.0, 10.0, 10.0, 10.0, 10.0, 10.0, 10.0, 10.0, 10.0, 10.0, 10.0, 10.0, 10.0, 10.0, 10.0, 10.0, 10.0, 10.0, 10.0, 10.0, 10.0, 10.0, 10.0, 10.0, 10.0], "class_name": ["car", "car", "car", "car", "truck", "truck", "truck", "truck", "bus", "bus", "bus", "bus", "trailer", "trailer", "trailer", "trailer", "construction_vehicle", "construction_vehicle", "construction_vehicle", "construction_vehicle", "pedestrian", "pedestrian", "pedestrian", "pedestrian", "motorcycle", "motorcycle", "motorcycle", "motorcycle", "bicycle", "bicycle", "bicycle", "bicycle", "traffic_cone", "traffic_cone", "traffic_cone", "traffic_cone", "barrier", "barrier", "barrier", "barrier"], "dist_th": [0.5, 1.0, 2.0, 4.0, 0.5, 1.0, 2.0, 4.0, 0.5, 1.0, 2.0, 4.0, 0.5, 1.0, 2.0, 4.0, 0.5, 1.0, 2.0, 4.0, 0.5, 1.0, 2.0, 4.0, 0.5, 1.0, 2.0, 4.0, 0.5, 1.0, 2.0, 4.0, 0.5, 1.0, 2.0, 4.0, 0.5, 1.0, 2.0, 4.0], "ap": [0.7160088356450904, 0.8374978701712426, 0.8754993043108241, 0.889050485074167, 0.3213300032875867, 0.5091272530655118, 0.6095554277316354, 0.6435805364656679, 0.3300148490768344, 0.5960687950586748, 0.7568793673325642, 0.7856308185944133, 0.03460139904043608, 0.25482703077150615, 0.44396845960303355, 0.55077593462729, 0.0018588296863043612, 0.10117749467870671, 0.24465975701317563, 0.29901456269605686, 0.674615605015577, 0.6905526415133698, 0.709183979909731, 0.73057560701576, 0.4108102151098708, 0.49196702790084335, 0.5018737382791923, 0.5090979983559084, 0.19280216532027827, 0.2202265985894803, 0.22795309343147993, 0.24955574869526143, 0.2222316538786157, 0.2451013362269289, 0.2782617459808141, 0.3412608138164759, 0.3161057946187705, 0.5410789955797973, 0.6351910939750923, 0.6693620173895785], "ap_crit": [0.790549976766479, 0.8879959167506233, 0.9161145739879378, 0.9262555667200246, 0.3770792918831184, 0.5575441297869511, 0.6589123813165904, 0.6825540584119588, 0.46448310853438424, 0.7118571784015107, 0.8136951654151778, 0.8381863635197095, 0.09098265184941236, 0.3537109496528195, 0.5239371099170161, 0.5838753599764224, 0.006705844992845764, 0.13658353217356167, 0.3115331579322027, 0.3584751289067431, 0.6843099117463999, 0.7006774226183932, 0.7193113222829449, 0.7408309930555582, 0.4871380215255764, 0.5558418211728712, 0.5641203795099237, 0.5728926151928303, 0.2137747337219942, 0.24432529881031834, 0.2516700821352435, 0.27658989708486303, 0.2392186862865693, 0.26312167419431703, 0.2961198665784298, 0.35853708505638776, 0.3294291389868541, 0.5570854531917058, 0.6554518473693436, 0.6876078239778095]}