{
  "label_aps": {
    "car": {
      "0.5": 0.7160088356450904,
      "1.0": 0.8374978701712426,
      "2.0": 0.8754993043108241,
      "4.0": 0.889050485074167
    },
    "truck": {
      "0.5": 0.3213300032875867,
      "1.0": 0.5091272530655118,
      "2.0": 0.6095554277316354,
      "4.0": 0.6435805364656679
    },
    "bus": {
      "0.5": 0.3300148490768344,
      "1.0": 0.5960687950586748,
      "2.0": 0.7568793673325642,
      "4.0": 0.7856308185944133
    },
    "trailer": {
      "0.5": 0.03460139904043608,
      "1.0": 0.25482703077150615,
      "2.0": 0.44396845960303355,
      "4.0": 0.55077593462729
    },
    "construction_vehicle": {
      "0.5": 0.0018588296863043612,
      "1.0": 0.10117749467870671,
      "2.0": 0.24465975701317563,
      "4.0": 0.29901456269605686
    },
    "pedestrian": {
      "0.5": 0.674615605015577,
      "1.0": 0.6905526415133698,
      "2.0": 0.709183979909731,
      "4.0": 0.73057560701576
    },
    "motorcycle": {
      "0.5": 0.4108102151098708,
      "1.0": 0.49196702790084335,
      "2.0": 0.5018737382791923,
      "4.0": 0.5090979983559084
    },
    "bicycle": {
      "0.5": 0.19280216532027827,
      "1.0": 0.2202265985894803,
      "2.0": 0.22795309343147993,
      "4.0": 0.24955574869526143
    },
    "traffic_cone": {
      "0.5": 0.2222316538786157,
      "1.0": 0.2451013362269289,
      "2.0": 0.2782617459808141,
      "4.0": 0.3412608138164759
    },
    "barrier": {
      "0.5": 0.3161057946187705,
      "1.0": 0.5410789955797973,
      "2.0": 0.6351910939750923,
      "4.0": 0.6693620173895785
    }
  },
  "label_aps_crit": {
    "car": {
      "0.5": 0.7160088356450904,
      "1.0": 0.8374978701712426,
      "2.0": 0.8754993043108241,
      "4.0": 0.889050485074167
    },
    "truck": {
      "0.5": 0.3213300032875867,
      "1.0": 0.5091272530655118,
      "2.0": 0.6095554277316354,
      "4.0": 0.6435805364656679
    },
    "bus": {
      "0.5": 0.3300148490768344,
      "1.0": 0.5960687950586748,
      "2.0": 0.7568793673325642,
      "4.0": 0.7856308185944133
    },
    "trailer": {
      "0.5": 0.03460139904043608,
      "1.0": 0.25482703077150615,
      "2.0": 0.44396845960303355,
      "4.0": 0.55077593462729
    },
    "construction_vehicle": {
      "0.5": 0.0018588296863043612,
      "1.0": 0.10117749467870671,
      "2.0": 0.24465975701317563,
      "4.0": 0.29901456269605686
    },
    "pedestrian": {
      "0.5": 0.674615605015577,
      "1.0": 0.6905526415133698,
      "2.0": 0.709183979909731,
      "4.0": 0.73057560701576
    },
    "motorcycle": {
      "0.5": 0.4108102151098708,
      "1.0": 0.49196702790084335,
      "2.0": 0.5018737382791923,
      "4.0": 0.5090979983559084
    },
    "bicycle": {
      "0.5": 0.19280216532027827,
      "1.0": 0.2202265985894803,
      "2.0": 0.22795309343147993,
      "4.0": 0.24955574869526143
    },
    "traffic_cone": {
      "0.5": 0.2222316538786157,
      "1.0": 0.2451013362269289,
      "2.0": 0.2782617459808141,
      "4.0": 0.3412608138164759
    },
    "barrier": {
      "0.5": 0.3161057946187705,
      "1.0": 0.5410789955797973,
      "2.0": 0.6351910939750923,
      "4.0": 0.6693620173895785
    }
  },
  "mean_dist_aps": {
    "car": 0.829514123800331,
    "truck": 0.5208983051376005,
    "bus": 0.6171484575156218,
    "trailer": 0.32104320601056646,
    "construction_vehicle": 0.1616776610185609,
    "pedestrian": 0.7012319583636094,
    "motorcycle": 0.4784372449114537,
    "bicycle": 0.22263440150912497,
    "traffic_cone": 0.2717138874757087,
    "barrier": 0.5404344753908097
  },
  "mean_ap": 0.46647337211333867,
  "mean_ap_crit": 0.5097271380348455,
  "label_tp_errors": {
    "car": {
      "trans_err": 0.19809764198947682,
      "scale_err": 0.15185093828038027,
      "orient_err": 0.11728446748415468,
      "vel_err": 0.2538289322650038,
      "attr_err": 0.1942143809932014
    },
    "truck": {
      "trans_err": 0.3734730715195447,
      "scale_err": 0.1899039038675149,
      "orient_err": 0.1286727993964098,
      "vel_err": 0.20863656838774858,
      "attr_err": 0.22721329672347895
    },
    "bus": {
      "trans_err": 0.41088221944582337,
      "scale_err": 0.18151511714982074,
      "orient_err": 0.09350601853497408,
      "vel_err": 0.4412462059607689,
      "attr_err": 0.25194151782087115
    },
    "trailer": {
      "trans_err": 0.6438757550395168,
      "scale_err": 0.19609587057710823,
      "orient_err": 0.36119339268195155,
      "vel_err": 0.2142412904713357,
      "attr_err": 0.18029878037908567
    },
    "construction_vehicle": {
      "trans_err": 0.7679039648942921,
      "scale_err": 0.4616162565564037,
      "orient_err": 1.2721730281090282,
      "vel_err": 0.12194504886257285,
      "attr_err": 0.32779119541745744
    },
    "pedestrian": {
      "trans_err": 0.16653402835865808,
      "scale_err": 0.2822537094216536,
      "orient_err": 0.431087697089718,
      "vel_err": 0.2709680922326146,
      "attr_err": 0.10251917113521238
    },
    "motorcycle": {
      "trans_err": 0.231010641727978,
      "scale_err": 0.23771562143376862,
      "orient_err": 0.4811636889489376,
      "vel_err": 0.6054389354377154,
      "attr_err": 0.117463550365106
    },
    "bicycle": {
      "trans_err": 0.24591900182484822,
      "scale_err": 0.26260076302496616,
      "orient_err": 0.6879546874273404,
      "vel_err": 0.2509536171417353,
      "attr_err": 0.01842441917743575
    },
    "traffic_cone": {
      "trans_err": 0.27943352616626,
      "scale_err": 0.3644774943400604,
      "orient_err": NaN,
      "vel_err": NaN,
      "attr_err": NaN
    },
    "barrier": {
      "trans_err": 0.4000043708767174,
      "scale_err": 0.28463084268694583,
      "orient_err": 0.042901811183226515,
      "vel_err": NaN,
      "attr_err": NaN
    }
  },
  "tp_errors": {
    "trans_err": 0.3717134221843116,
    "scale_err": 0.26126605173386225,
    "orient_err": 0.4017708434284157,
    "vel_err": 0.2959073363449369,
    "attr_err": 0.17748328900148108
  },
  "tp_scores": {
    "trans_err": 0.6282865778156884,
    "scale_err": 0.7387339482661377,
    "orient_err": 0.5982291565715843,
    "vel_err": 0.7040926636550631,
    "attr_err": 0.822516710998519
  },
  "nd_score": 0.5824225917873687,
  "eval_time": 160.70821499824524,
  "cfg": {
    "class_range": {
      "car": 50,
      "truck": 50,
      "bus": 50,
      "trailer": 50,
      "construction_vehicle": 50,
      "pedestrian": 40,
      "motorcycle": 40,
      "bicycle": 40,
      "traffic_cone": 30,
      "barrier": 30
    },
    "dist_fcn": "center_distance",
    "dist_ths": [
      0.5,
      1.0,
      2.0,
      4.0
    ],
    "dist_th_tp": 2.0,
    "min_recall": 0.1,
    "min_precision": 0.1,
    "max_boxes_per_sample": 500,
    "mean_ap_weight": 5
  },
  "meta": {
    "use_lidar": true,
    "use_camera": false,
    "use_radar": false,
    "use_map": false,
    "use_external": false
  }
}