{
  "label_aps": {
    "car": {
      "2.0": 0.9888888888888892
    },
    "truck": {
      "2.0": 0.25770884773662556
    },
    "bus": {
      "2.0": 0.9888888888888892
    },
    "trailer": {
      "2.0": 0.0
    },
    "construction_vehicle": {
      "2.0": 0.0
    },
    "pedestrian": {
      "2.0": 0.8705434138784387
    },
    "motorcycle": {
      "2.0": 0.0
    },
    "bicycle": {
      "2.0": 0.0
    },
    "traffic_cone": {
      "2.0": 0.19135802469135804
    },
    "barrier": {
      "2.0": 0.9892646269457865
    }
  },
  "label_aps_crit": {
    "car": {
      "2.0": 0.9888888888888892
    },
    "truck": {
      "2.0": 0.25770884773662556
    },
    "bus": {
      "2.0": 0.9888888888888892
    },
    "trailer": {
      "2.0": 0.0
    },
    "construction_vehicle": {
      "2.0": 0.0
    },
    "pedestrian": {
      "2.0": 0.8705434138784387
    },
    "motorcycle": {
      "2.0": 0.0
    },
    "bicycle": {
      "2.0": 0.0
    },
    "traffic_cone": {
      "2.0": 0.19135802469135804
    },
    "barrier": {
      "2.0": 0.9892646269457865
    }
  },
  "mean_dist_aps": {
    "car": 0.9888888888888892,
    "truck": 0.25770884773662556,
    "bus": 0.9888888888888892,
    "trailer": 0.0,
    "construction_vehicle": 0.0,
    "pedestrian": 0.8705434138784387,
    "motorcycle": 0.0,
    "bicycle": 0.0,
    "traffic_cone": 0.19135802469135804,
    "barrier": 0.9892646269457865
  },
  "mean_ap": 0.42866526910299874,
  "mean_ap_crit": 0.35498857673751694,
  "label_tp_errors": {
    "barrier": {
      "trans_err": 0.3301364537717552,
      "scale_err": 0.40421317015156205,
      "orient_err": 0.021806517608042666,
      "vel_err": NaN,
      "attr_err": NaN
    },
    "car": {
      "trans_err": 0.0,
      "scale_err": 0.0,
      "orient_err": 0.0,
      "vel_err": 0.0,
      "attr_err": 0.0
    },
    "truck": {
      "trans_err": 0.0,
      "scale_err": 0.0,
      "orient_err": 0.0,
      "vel_err": 0.0,
      "attr_err": 0.0
    },
    "bus": {
      "trans_err": 0.0,
      "scale_err": 0.0,
      "orient_err": 0.0,
      "vel_err": 0.0,
      "attr_err": 0.0
    },
    "trailer": {
      "trans_err": 0.0,
      "scale_err": 0.0,
      "orient_err": 0.0,
      "vel_err": 0.0,
      "attr_err": 0.0
    },
    "construction_vehicle": {
      "trans_err": 0.0,
      "scale_err": 0.0,
      "orient_err": 0.0,
      "vel_err": 0.0,
      "attr_err": 0.0
    },
    "pedestrian": {
      "trans_err": 0.0,
      "scale_err": 0.0,
      "orient_err": 0.0,
      "vel_err": 0.0,
      "attr_err": 0.0
    },
    "motorcycle": {
      "trans_err": 0.0,
      "scale_err": 0.0,
      "orient_err": 0.0,
      "vel_err": 0.0,
      "attr_err": 0.0
    },
    "bicycle": {
      "trans_err": 0.0,
      "scale_err": 0.0,
      "orient_err": 0.0,
      "vel_err": 0.0,
      "attr_err": 0.0
    },
    "traffic_cone": {
      "trans_err": 0.0,
      "scale_err": 0.0,
      "orient_err": 0.0,
      "vel_err": 0.0,
      "attr_err": 0.0
    }
  },
  "tp_errors": {
    "trans_err": 0.03301364537717552,
    "scale_err": 0.04042131701515621,
    "orient_err": 0.0021806517608042664,
    "vel_err": 0.0,
    "attr_err": 0.0
  },
  "tp_scores": {
    "trans_err": 0.9669863546228245,
    "scale_err": 0.9595786829848438,
    "orient_err": 0.9978193482391957,
    "vel_err": 1.0,
    "attr_err": 1.0
  },
  "nd_score": 0.7067710731361857,
  "eval_time": null,
  "cfg": {
    "class_range": {
      "car": 50,
      "truck": 50,
      "bus": 50,
      "trailer": 50,
      "construction_vehicle": 50,
      "pedestrian": 40,
      "motorcycle": 40,
      "bicycle": 40,
      "traffic_cone": 30,
      "barrier": 30
    },
    "dist_fcn": "center_distance",
    "dist_ths": [
      0.5,
      1.0,
      2.0,
      4.0
    ],
    "dist_th_tp": 2.0,
    "min_recall": 0.1,
    "min_precision": 0.1,
    "max_boxes_per_sample": 500,
    "mean_ap_weight": 5
  },
  "meta": {
    "use_lidar": true,
    "use_camera": false,
    "use_radar": false,
    "use_map": false,
    "use_external": false
  }
}