{
  "label_aps": {
    "car": {
      "2.0": 0.798621007250637
    },
    "truck": {
      "2.0": 0.9888888888888892
    },
    "bus": {
      "2.0": 0.990740740740741
    },
    "trailer": {
      "2.0": 0.0
    },
    "construction_vehicle": {
      "2.0": 0.9888888888888892
    },
    "pedestrian": {
      "2.0": 0.7501406533076036
    },
    "motorcycle": {
      "2.0": 0.0
    },
    "bicycle": {
      "2.0": 0.0
    },
    "traffic_cone": {
      "2.0": 0.8058119437872058
    },
    "barrier": {
      "2.0": 0.7996353206137533
    }
  },
  "label_aps_crit": {
    "car": {
      "2.0": 0.798621007250637
    },
    "truck": {
      "2.0": 0.9888888888888892
    },
    "bus": {
      "2.0": 0.990740740740741
    },
    "trailer": {
      "2.0": 0.0
    },
    "construction_vehicle": {
      "2.0": 0.9888888888888892
    },
    "pedestrian": {
      "2.0": 0.7501406533076036
    },
    "motorcycle": {
      "2.0": 0.0
    },
    "bicycle": {
      "2.0": 0.0
    },
    "traffic_cone": {
      "2.0": 0.8058119437872058
    },
    "barrier": {
      "2.0": 0.7996353206137533
    }
  },
  "mean_dist_aps": {
    "car": 0.798621007250637,
    "truck": 0.9888888888888892,
    "bus": 0.990740740740741,
    "trailer": 0.0,
    "construction_vehicle": 0.9888888888888892,
    "pedestrian": 0.7501406533076036,
    "motorcycle": 0.0,
    "bicycle": 0.0,
    "traffic_cone": 0.8058119437872058,
    "barrier": 0.7996353206137533
  },
  "mean_ap": 0.612272744347772,
  "mean_ap_crit": 0.5336569370779343,
  "label_tp_errors": {
    "barrier": {
      "trans_err": 0.5324907141646332,
      "scale_err": 0.9631658906543147,
      "orient_err": 1.107009751367145,
      "vel_err": NaN,
      "attr_err": NaN
    },
    "car": {
      "trans_err": 0.0,
      "scale_err": 0.0,
      "orient_err": 0.0,
      "vel_err": 0.0,
      "attr_err": 0.0
    },
    "truck": {
      "trans_err": 0.0,
      "scale_err": 0.0,
      "orient_err": 0.0,
      "vel_err": 0.0,
      "attr_err": 0.0
    },
    "bus": {
      "trans_err": 0.0,
      "scale_err": 0.0,
      "orient_err": 0.0,
      "vel_err": 0.0,
      "attr_err": 0.0
    },
    "trailer": {
      "trans_err": 0.0,
      "scale_err": 0.0,
      "orient_err": 0.0,
      "vel_err": 0.0,
      "attr_err": 0.0
    },
    "construction_vehicle": {
      "trans_err": 0.0,
      "scale_err": 0.0,
      "orient_err": 0.0,
      "vel_err": 0.0,
      "attr_err": 0.0
    },
    "pedestrian": {
      "trans_err": 0.0,
      "scale_err": 0.0,
      "orient_err": 0.0,
      "vel_err": 0.0,
      "attr_err": 0.0
    },
    "motorcycle": {
      "trans_err": 0.0,
      "scale_err": 0.0,
      "orient_err": 0.0,
      "vel_err": 0.0,
      "attr_err": 0.0
    },
    "bicycle": {
      "trans_err": 0.0,
      "scale_err": 0.0,
      "orient_err": 0.0,
      "vel_err": 0.0,
      "attr_err": 0.0
    },
    "traffic_cone": {
      "trans_err": 0.0,
      "scale_err": 0.0,
      "orient_err": 0.0,
      "vel_err": 0.0,
      "attr_err": 0.0
    }
  },
  "tp_errors": {
    "trans_err": 0.053249071416463324,
    "scale_err": 0.09631658906543147,
    "orient_err": 0.11070097513671451,
    "vel_err": 0.0,
    "attr_err": 0.0
  },
  "tp_scores": {
    "trans_err": 0.9467509285835367,
    "scale_err": 0.9036834109345685,
    "orient_err": 0.8892990248632855,
    "vel_err": 1.0,
    "attr_err": 1.0
  },
  "nd_score": 0.780109708612025,
  "eval_time": null,
  "cfg": {
    "class_range": {
      "car": 50,
      "truck": 50,
      "bus": 50,
      "trailer": 50,
      "construction_vehicle": 50,
      "pedestrian": 40,
      "motorcycle": 40,
      "bicycle": 40,
      "traffic_cone": 30,
      "barrier": 30
    },
    "dist_fcn": "center_distance",
    "dist_ths": [
      0.5,
      1.0,
      2.0,
      4.0
    ],
    "dist_th_tp": 2.0,
    "min_recall": 0.1,
    "min_precision": 0.1,
    "max_boxes_per_sample": 500,
    "mean_ap_weight": 5
  },
  "meta": {
    "use_lidar": true,
    "use_camera": false,
    "use_radar": false,
    "use_map": false,
    "use_external": false
  }
}