{"Model": ["pointpillars-fpn", "pointpillars-fpn", "pointpillars-fpn", "pointpillars-fpn", "pointpillars-fpn", "pointpillars-fpn", "pointpillars-fpn", "pointpillars-fpn", "pointpillars-fpn", "pointpillars-fpn", "pointpillars-fpn", "pointpillars-fpn", "pointpillars-fpn", "pointpillars-fpn", "pointpillars-fpn", "pointpillars-fpn", "pointpillars-fpn", "pointpillars-fpn", "pointpillars-fpn", "pointpillars-fpn", "pointpillars-fpn", "pointpillars-fpn", "pointpillars-fpn", "pointpillars-fpn", "pointpillars-fpn", "pointpillars-fpn", "pointpillars-fpn", "pointpillars-fpn", "pointpillars-fpn", "pointpillars-fpn", "pointpillars-fpn", "pointpillars-fpn", "pointpillars-fpn", "pointpillars-fpn", "pointpillars-fpn", "pointpillars-fpn", "pointpillars-fpn", "pointpillars-fpn", "pointpillars-fpn", "pointpillars-fpn"], "MAX_DISTANCE_OBJ": [30.0, 30.0, 30.0, 30.0, 30.0, 30.0, 30.0, 30.0, 30.0, 30.0, 30.0, 30.0, 30.0, 30.0, 30.0, 30.0, 30.0, 30.0, 30.0, 30.0, 30.0, 30.0, 30.0, 30.0, 30.0, 30.0, 30.0, 30.0, 30.0, 30.0, 30.0, 30.0, 30.0, 30.0, 30.0, 30.0, 30.0, 30.0, 30.0, 30.0], "MAX_DISTANCE_INTERSECT": [20.0, 20.0, 20.0, 20.0, 20.0, 20.0, 20.0, 20.0, 20.0, 20.0, 20.0, 20.0, 20.0, 20.0, 20.0, 20.0, 20.0, 20.0, 20.0, 20.0, 20.0, 20.0, 20.0, 20.0, 20.0, 20.0, 20.0, 20.0, 20.0, 20.0, 20.0, 20.0, 20.0, 20.0, 20.0, 20.0, 20.0, 20.0, 20.0, 20.0], "MAX_TIME_INTERSECT": [10.0, 10.0, 10.0, 10.0, 10.0, 10.0, 10.0, 10.0, 10.0, 10.0, 10.0, 10.0, 10.0, 10.0, 10.0, 10.0, 10.0, 10.0, 10.0, 10.0, 10.0, 10.0, 10.0, 10.0, 10.0, 10.0, 10.0, 10.0, 10.0, 10.0, 10.0, 10.0, 10.0, 10.0, 10.0, 10.0, 10.0, 10.0, 10.0, 10.0], "class_name": ["car", "car", "car", "car", "truck", "truck", "truck", "truck", "bus", "bus", "bus", "bus", "trailer", "trailer", "trailer", "trailer", "construction_vehicle", "construction_vehicle", "construction_vehicle", "construction_vehicle", "pedestrian", "pedestrian", "pedestrian", "pedestrian", "motorcycle", "motorcycle", "motorcycle", "motorcycle", "bicycle", "bicycle", "bicycle", "bicycle", "traffic_cone", "traffic_cone", "traffic_cone", "traffic_cone", "barrier", "barrier", "barrier", "barrier"], "dist_th": [0.5, 1.0, 2.0, 4.0, 0.5, 1.0, 2.0, 4.0, 0.5, 1.0, 2.0, 4.0, 0.5, 1.0, 2.0, 4.0, 0.5, 1.0, 2.0, 4.0, 0.5, 1.0, 2.0, 4.0, 0.5, 1.0, 2.0, 4.0, 0.5, 1.0, 2.0, 4.0, 0.5, 1.0, 2.0, 4.0, 0.5, 1.0, 2.0, 4.0], "ap": [0.668804156140214, 0.8083746310118595, 0.8517780118506335, 0.8681753814909119, 0.1531049725758785, 0.3459893315761258, 0.441763590003415, 0.48516174294670544, 0.10026235762794342, 0.4210705511145424, 0.576336440865419, 0.6148096795150925, 0.008785290641718424, 0.15829271952069268, 0.3707685552477115, 0.5043085917434261, 0.0, 0.017187758554152884, 0.076854184840721, 0.12412606740875357, 0.6947880223807378, 0.7079165598623621, 0.723047587378375, 0.744147689317113, 0.328603032670441, 0.4045040767651702, 0.4165482205901371, 0.425830327644749, 0.08567723835503682, 0.10787433062773334, 0.11256455734931849, 0.11912265273228133, 0.2882329241837843, 0.3088260135313548, 0.3415372019076609, 0.3972122123343875, 0.29713624855403714, 0.5248102154995187, 0.6130595869475045, 0.6448513686675215], "ap_crit": [0.7488324628218943, 0.8704170908543576, 0.9031753357484177, 0.9154965216763787, 0.203137185121273, 0.40853195336848536, 0.497049288844102, 0.5350868724809227, 0.14967137106274228, 0.5163417605222771, 0.6457771218960996, 0.6851592950117119, 0.022817376067657952, 0.2769356984508832, 0.5230565092036746, 0.6001074405590484, 0.0, 0.03683959161718549, 0.13082836099278583, 0.18115594780182073, 0.7104365818785585, 0.7239482202636854, 0.739297378873498, 0.7601635039926207, 0.42349503693853324, 0.4871561474928446, 0.4965222617302061, 0.5064858268720537, 0.10576905872098544, 0.1313515151289905, 0.13710858748387464, 0.14568782414644812, 0.3022292604221208, 0.3234445505519206, 0.3559635853221146, 0.4115704523079008, 0.31540847719175635, 0.5468267674295746, 0.6340119555772987, 0.6651480732746412]}