{
  "label_aps": {
    "car": {
      "0.5": 0.6687411580372117,
      "1.0": 0.8082835338333406,
      "2.0": 0.8516740344618559,
      "4.0": 0.8681015076668921
    },
    "truck": {
      "0.5": 0.1531144959303216,
      "1.0": 0.34600969298282164,
      "2.0": 0.44178935115633394,
      "4.0": 0.48519094227573534
    },
    "bus": {
      "0.5": 0.09964808707352786,
      "1.0": 0.42016420637025825,
      "2.0": 0.5752104769401639,
      "4.0": 0.6138486970843163
    },
    "trailer": {
      "0.5": 0.008785290641718424,
      "1.0": 0.15829271952069268,
      "2.0": 0.37076874492812406,
      "4.0": 0.5043089957221548
    },
    "construction_vehicle": {
      "0.5": 0.0,
      "1.0": 0.017187758554152884,
      "2.0": 0.076854184840721,
      "4.0": 0.12412606740875357
    },
    "pedestrian": {
      "0.5": 0.694686174448425,
      "1.0": 0.7078361741120406,
      "2.0": 0.7229690068231226,
      "4.0": 0.7440542568602034
    },
    "motorcycle": {
      "0.5": 0.328603032670441,
      "1.0": 0.4045040767651702,
      "2.0": 0.4165482205901371,
      "4.0": 0.425830327644749
    },
    "bicycle": {
      "0.5": 0.08567723835503682,
      "1.0": 0.10787467594523599,
      "2.0": 0.11256489079167198,
      "4.0": 0.11912298454819871
    },
    "traffic_cone": {
      "0.5": 0.28825339983830645,
      "1.0": 0.30884793751168416,
      "2.0": 0.3415618261091965,
      "4.0": 0.3972405920012581
    },
    "barrier": {
      "0.5": 0.2968356301971864,
      "1.0": 0.5244682122400216,
      "2.0": 0.6127982048528791,
      "4.0": 0.6446625625326101
    }
  },
  "label_aps_crit": {
    "car": {
      "0.5": 0.6687411580372117,
      "1.0": 0.8082835338333406,
      "2.0": 0.8516740344618559,
      "4.0": 0.8681015076668921
    },
    "truck": {
      "0.5": 0.1531144959303216,
      "1.0": 0.34600969298282164,
      "2.0": 0.44178935115633394,
      "4.0": 0.48519094227573534
    },
    "bus": {
      "0.5": 0.09964808707352786,
      "1.0": 0.42016420637025825,
      "2.0": 0.5752104769401639,
      "4.0": 0.6138486970843163
    },
    "trailer": {
      "0.5": 0.008785290641718424,
      "1.0": 0.15829271952069268,
      "2.0": 0.37076874492812406,
      "4.0": 0.5043089957221548
    },
    "construction_vehicle": {
      "0.5": 0.0,
      "1.0": 0.017187758554152884,
      "2.0": 0.076854184840721,
      "4.0": 0.12412606740875357
    },
    "pedestrian": {
      "0.5": 0.694686174448425,
      "1.0": 0.7078361741120406,
      "2.0": 0.7229690068231226,
      "4.0": 0.7440542568602034
    },
    "motorcycle": {
      "0.5": 0.328603032670441,
      "1.0": 0.4045040767651702,
      "2.0": 0.4165482205901371,
      "4.0": 0.425830327644749
    },
    "bicycle": {
      "0.5": 0.08567723835503682,
      "1.0": 0.10787467594523599,
      "2.0": 0.11256489079167198,
      "4.0": 0.11912298454819871
    },
    "traffic_cone": {
      "0.5": 0.28825339983830645,
      "1.0": 0.30884793751168416,
      "2.0": 0.3415618261091965,
      "4.0": 0.3972405920012581
    },
    "barrier": {
      "0.5": 0.2968356301971864,
      "1.0": 0.5244682122400216,
      "2.0": 0.6127982048528791,
      "4.0": 0.6446625625326101
    }
  },
  "mean_dist_aps": {
    "car": 0.7992000584998251,
    "truck": 0.3565261205863032,
    "bus": 0.42721786686706664,
    "trailer": 0.2605389377031725,
    "construction_vehicle": 0.054542002700906866,
    "pedestrian": 0.7173864030609479,
    "motorcycle": 0.3938714144176243,
    "bicycle": 0.10630994741003587,
    "traffic_cone": 0.3339759388651113,
    "barrier": 0.5196911524556743
  },
  "mean_ap": 0.39692598425666675,
  "mean_ap_crit": 0.44411327090905084,
  "label_tp_errors": {
    "car": {
      "trans_err": 0.2167918407203563,
      "scale_err": 0.15671795545012263,
      "orient_err": 0.1487644206292728,
      "vel_err": 0.2555025804029708,
      "attr_err": 0.19761309208223582
    },
    "truck": {
      "trans_err": 0.46034092084119155,
      "scale_err": 0.2192620066557716,
      "orient_err": 0.2683119054207971,
      "vel_err": 0.24953593976912639,
      "attr_err": 0.21005206336293622
    },
    "bus": {
      "trans_err": 0.5532614584070417,
      "scale_err": 0.211459757090769,
      "orient_err": 0.20428898780432278,
      "vel_err": 0.49600388011119084,
      "attr_err": 0.24511170543577337
    },
    "trailer": {
      "trans_err": 0.788901010111038,
      "scale_err": 0.2310485663218219,
      "orient_err": 0.5266649763488231,
      "vel_err": 0.19099638570094496,
      "attr_err": 0.15882324509283394
    },
    "construction_vehicle": {
      "trans_err": 0.8354360043078705,
      "scale_err": 0.46891405300647093,
      "orient_err": 1.3651715851660475,
      "vel_err": 0.13287676412421592,
      "attr_err": 0.34591558265093786
    },
    "pedestrian": {
      "trans_err": 0.15525331223494562,
      "scale_err": 0.2880333795566222,
      "orient_err": 0.3660115640639496,
      "vel_err": 0.24827541165157913,
      "attr_err": 0.06946671248681796
    },
    "motorcycle": {
      "trans_err": 0.25973747380612605,
      "scale_err": 0.26021329974445245,
      "orient_err": 0.618256585683085,
      "vel_err": 0.5057005991478569,
      "attr_err": 0.22611108257878146
    },
    "bicycle": {
      "trans_err": 0.29385761744845457,
      "scale_err": 0.2945267495841991,
      "orient_err": 0.8597636408468788,
      "vel_err": 0.27270185587258444,
      "attr_err": 0.026142203526079294
    },
    "traffic_cone": {
      "trans_err": 0.247168065419584,
      "scale_err": 0.36778229156818787,
      "orient_err": NaN,
      "vel_err": NaN,
      "attr_err": NaN
    },
    "barrier": {
      "trans_err": 0.40553042758716945,
      "scale_err": 0.30520334998412557,
      "orient_err": 0.05049366933086657,
      "vel_err": NaN,
      "attr_err": NaN
    }
  },
  "tp_errors": {
    "trans_err": 0.42162781308837777,
    "scale_err": 0.28031614089625434,
    "orient_err": 0.4897474816993382,
    "vel_err": 0.2939491770975587,
    "attr_err": 0.18490446090204948
  },
  "tp_scores": {
    "trans_err": 0.5783721869116223,
    "scale_err": 0.7196838591037457,
    "orient_err": 0.5102525183006619,
    "vel_err": 0.7060508229024414,
    "attr_err": 0.8150955390979505
  },
  "nd_score": 0.5314084847599756,
  "eval_time": 169.99794006347656,
  "cfg": {
    "class_range": {
      "car": 50,
      "truck": 50,
      "bus": 50,
      "trailer": 50,
      "construction_vehicle": 50,
      "pedestrian": 40,
      "motorcycle": 40,
      "bicycle": 40,
      "traffic_cone": 30,
      "barrier": 30
    },
    "dist_fcn": "center_distance",
    "dist_ths": [
      0.5,
      1.0,
      2.0,
      4.0
    ],
    "dist_th_tp": 2.0,
    "min_recall": 0.1,
    "min_precision": 0.1,
    "max_boxes_per_sample": 500,
    "mean_ap_weight": 5
  },
  "meta": {
    "use_lidar": true,
    "use_camera": false,
    "use_radar": false,
    "use_map": false,
    "use_external": false
  }
}