{
  "label_aps": {
    "car": {
      "0.5": 0.668804156140214,
      "1.0": 0.8083746310118595,
      "2.0": 0.8517780118506335,
      "4.0": 0.8681753814909119
    },
    "truck": {
      "0.5": 0.1531049725758785,
      "1.0": 0.3459893315761258,
      "2.0": 0.441763590003415,
      "4.0": 0.48516174294670544
    },
    "bus": {
      "0.5": 0.10026235762794342,
      "1.0": 0.4210705511145424,
      "2.0": 0.576336440865419,
      "4.0": 0.6148096795150925
    },
    "trailer": {
      "0.5": 0.008785290641718424,
      "1.0": 0.15829271952069268,
      "2.0": 0.3707685552477115,
      "4.0": 0.5043085917434261
    },
    "construction_vehicle": {
      "0.5": 0.0,
      "1.0": 0.017187758554152884,
      "2.0": 0.076854184840721,
      "4.0": 0.12412606740875357
    },
    "pedestrian": {
      "0.5": 0.6947880223807378,
      "1.0": 0.7079165598623621,
      "2.0": 0.723047587378375,
      "4.0": 0.744147689317113
    },
    "motorcycle": {
      "0.5": 0.328603032670441,
      "1.0": 0.4045040767651702,
      "2.0": 0.4165482205901371,
      "4.0": 0.425830327644749
    },
    "bicycle": {
      "0.5": 0.08567723835503682,
      "1.0": 0.10787433062773334,
      "2.0": 0.11256455734931849,
      "4.0": 0.11912265273228133
    },
    "traffic_cone": {
      "0.5": 0.2882329241837843,
      "1.0": 0.3088260135313548,
      "2.0": 0.3415372019076609,
      "4.0": 0.3972122123343875
    },
    "barrier": {
      "0.5": 0.29713624855403714,
      "1.0": 0.5248102154995187,
      "2.0": 0.6130595869475045,
      "4.0": 0.6448513686675215
    }
  },
  "label_aps_crit": {
    "car": {
      "0.5": 0.668804156140214,
      "1.0": 0.8083746310118595,
      "2.0": 0.8517780118506335,
      "4.0": 0.8681753814909119
    },
    "truck": {
      "0.5": 0.1531049725758785,
      "1.0": 0.3459893315761258,
      "2.0": 0.441763590003415,
      "4.0": 0.48516174294670544
    },
    "bus": {
      "0.5": 0.10026235762794342,
      "1.0": 0.4210705511145424,
      "2.0": 0.576336440865419,
      "4.0": 0.6148096795150925
    },
    "trailer": {
      "0.5": 0.008785290641718424,
      "1.0": 0.15829271952069268,
      "2.0": 0.3707685552477115,
      "4.0": 0.5043085917434261
    },
    "construction_vehicle": {
      "0.5": 0.0,
      "1.0": 0.017187758554152884,
      "2.0": 0.076854184840721,
      "4.0": 0.12412606740875357
    },
    "pedestrian": {
      "0.5": 0.6947880223807378,
      "1.0": 0.7079165598623621,
      "2.0": 0.723047587378375,
      "4.0": 0.744147689317113
    },
    "motorcycle": {
      "0.5": 0.328603032670441,
      "1.0": 0.4045040767651702,
      "2.0": 0.4165482205901371,
      "4.0": 0.425830327644749
    },
    "bicycle": {
      "0.5": 0.08567723835503682,
      "1.0": 0.10787433062773334,
      "2.0": 0.11256455734931849,
      "4.0": 0.11912265273228133
    },
    "traffic_cone": {
      "0.5": 0.2882329241837843,
      "1.0": 0.3088260135313548,
      "2.0": 0.3415372019076609,
      "4.0": 0.3972122123343875
    },
    "barrier": {
      "0.5": 0.29713624855403714,
      "1.0": 0.5248102154995187,
      "2.0": 0.6130595869475045,
      "4.0": 0.6448513686675215
    }
  },
  "mean_dist_aps": {
    "car": 0.7992830451234048,
    "truck": 0.3565049092755312,
    "bus": 0.42811975728074936,
    "trailer": 0.2605387892883872,
    "construction_vehicle": 0.054542002700906866,
    "pedestrian": 0.717474964734647,
    "motorcycle": 0.3938714144176243,
    "bicycle": 0.10630969476609249,
    "traffic_cone": 0.3339520879892969,
    "barrier": 0.5199643549171454
  },
  "mean_ap": 0.3970561020493785,
  "mean_ap_crit": 0.44431105624253364,
  "label_tp_errors": {
    "car": {
      "trans_err": 0.21678126187961191,
      "scale_err": 0.15671571728079936,
      "orient_err": 0.14874411616468414,
      "vel_err": 0.25552562245813437,
      "attr_err": 0.1976487760001362
    },
    "truck": {
      "trans_err": 0.46034092084119155,
      "scale_err": 0.2192620066557716,
      "orient_err": 0.2683119054207971,
      "vel_err": 0.24953593976912639,
      "attr_err": 0.21005206336293622
    },
    "bus": {
      "trans_err": 0.5527815509580098,
      "scale_err": 0.21137130066754048,
      "orient_err": 0.20396095716491167,
      "vel_err": 0.4959162517601345,
      "attr_err": 0.24553706802821693
    },
    "trailer": {
      "trans_err": 0.788901010111038,
      "scale_err": 0.2310485663218219,
      "orient_err": 0.5266649763488231,
      "vel_err": 0.19099638570094496,
      "attr_err": 0.15882324509283394
    },
    "construction_vehicle": {
      "trans_err": 0.8354360043078705,
      "scale_err": 0.46891405300647093,
      "orient_err": 1.3651715851660475,
      "vel_err": 0.13287676412421592,
      "attr_err": 0.34591558265093786
    },
    "pedestrian": {
      "trans_err": 0.15523209951917633,
      "scale_err": 0.28801760695318646,
      "orient_err": 0.3659383974104273,
      "vel_err": 0.24830130487901622,
      "attr_err": 0.06950656440433013
    },
    "motorcycle": {
      "trans_err": 0.25973747380612605,
      "scale_err": 0.26021329974445245,
      "orient_err": 0.618256585683085,
      "vel_err": 0.5057005991478569,
      "attr_err": 0.22611108257878146
    },
    "bicycle": {
      "trans_err": 0.29385761744845457,
      "scale_err": 0.2945267495841991,
      "orient_err": 0.8597636408468788,
      "vel_err": 0.27270185587258444,
      "attr_err": 0.026142203526079294
    },
    "traffic_cone": {
      "trans_err": 0.247168065419584,
      "scale_err": 0.36778229156818787,
      "orient_err": NaN,
      "vel_err": NaN,
      "attr_err": NaN
    },
    "barrier": {
      "trans_err": 0.405432039808779,
      "scale_err": 0.30514888460616635,
      "orient_err": 0.050471567623421906,
      "vel_err": NaN,
      "attr_err": NaN
    }
  },
  "tp_errors": {
    "trans_err": 0.4215668044099841,
    "scale_err": 0.2803000476388597,
    "orient_err": 0.489698192425453,
    "vel_err": 0.2939443404640017,
    "attr_err": 0.1849670732055315
  },
  "tp_scores": {
    "trans_err": 0.5784331955900159,
    "scale_err": 0.7196999523611403,
    "orient_err": 0.510301807574547,
    "vel_err": 0.7060556595359984,
    "attr_err": 0.8150329267944685
  },
  "nd_score": 0.5314804052103062,
  "eval_time": 188.40527200698853,
  "cfg": {
    "class_range": {
      "car": 50,
      "truck": 50,
      "bus": 50,
      "trailer": 50,
      "construction_vehicle": 50,
      "pedestrian": 40,
      "motorcycle": 40,
      "bicycle": 40,
      "traffic_cone": 30,
      "barrier": 30
    },
    "dist_fcn": "center_distance",
    "dist_ths": [
      0.5,
      1.0,
      2.0,
      4.0
    ],
    "dist_th_tp": 2.0,
    "min_recall": 0.1,
    "min_precision": 0.1,
    "max_boxes_per_sample": 500,
    "mean_ap_weight": 5
  },
  "meta": {
    "use_lidar": true,
    "use_camera": false,
    "use_radar": false,
    "use_map": false,
    "use_external": false
  }
}