{
  "label_aps": {
    "car": {
      "2.0": 0.8220899470899471
    },
    "truck": {
      "2.0": 0.996913580246914
    },
    "bus": {
      "2.0": 0.0
    },
    "trailer": {
      "2.0": 0.0
    },
    "construction_vehicle": {
      "2.0": 1.0000000000000004
    },
    "pedestrian": {
      "2.0": 0.8355967078189299
    },
    "motorcycle": {
      "2.0": 0.0
    },
    "bicycle": {
      "2.0": 0.2555555555555556
    },
    "traffic_cone": {
      "2.0": 0.6158584250202184
    },
    "barrier": {
      "2.0": 0.0
    }
  },
  "label_aps_crit": {
    "car": {
      "2.0": 0.8220899470899471
    },
    "truck": {
      "2.0": 0.996913580246914
    },
    "bus": {
      "2.0": 0.0
    },
    "trailer": {
      "2.0": 0.0
    },
    "construction_vehicle": {
      "2.0": 1.0000000000000004
    },
    "pedestrian": {
      "2.0": 0.8355967078189299
    },
    "motorcycle": {
      "2.0": 0.0
    },
    "bicycle": {
      "2.0": 0.2555555555555556
    },
    "traffic_cone": {
      "2.0": 0.6158584250202184
    },
    "barrier": {
      "2.0": 0.0
    }
  },
  "mean_dist_aps": {
    "car": 0.8220899470899471,
    "truck": 0.996913580246914,
    "bus": 0.0,
    "trailer": 0.0,
    "construction_vehicle": 1.0000000000000004,
    "pedestrian": 0.8355967078189299,
    "motorcycle": 0.0,
    "bicycle": 0.2555555555555556,
    "traffic_cone": 0.6158584250202184,
    "barrier": 0.0
  },
  "mean_ap": 0.4526014215731566,
  "mean_ap_crit": 0.45528500043055364,
  "label_tp_errors": {
    "barrier": {
      "trans_err": 0.6826836878465715,
      "scale_err": 0.4825868550200561,
      "orient_err": 0.04646328332224936,
      "vel_err": NaN,
      "attr_err": NaN
    },
    "car": {
      "trans_err": 0.0,
      "scale_err": 0.0,
      "orient_err": 0.0,
      "vel_err": 0.0,
      "attr_err": 0.0
    },
    "truck": {
      "trans_err": 0.0,
      "scale_err": 0.0,
      "orient_err": 0.0,
      "vel_err": 0.0,
      "attr_err": 0.0
    },
    "bus": {
      "trans_err": 0.0,
      "scale_err": 0.0,
      "orient_err": 0.0,
      "vel_err": 0.0,
      "attr_err": 0.0
    },
    "trailer": {
      "trans_err": 0.0,
      "scale_err": 0.0,
      "orient_err": 0.0,
      "vel_err": 0.0,
      "attr_err": 0.0
    },
    "construction_vehicle": {
      "trans_err": 0.0,
      "scale_err": 0.0,
      "orient_err": 0.0,
      "vel_err": 0.0,
      "attr_err": 0.0
    },
    "pedestrian": {
      "trans_err": 0.0,
      "scale_err": 0.0,
      "orient_err": 0.0,
      "vel_err": 0.0,
      "attr_err": 0.0
    },
    "motorcycle": {
      "trans_err": 0.0,
      "scale_err": 0.0,
      "orient_err": 0.0,
      "vel_err": 0.0,
      "attr_err": 0.0
    },
    "bicycle": {
      "trans_err": 0.0,
      "scale_err": 0.0,
      "orient_err": 0.0,
      "vel_err": 0.0,
      "attr_err": 0.0
    },
    "traffic_cone": {
      "trans_err": 0.0,
      "scale_err": 0.0,
      "orient_err": 0.0,
      "vel_err": 0.0,
      "attr_err": 0.0
    }
  },
  "tp_errors": {
    "trans_err": 0.06826836878465715,
    "scale_err": 0.04825868550200561,
    "orient_err": 0.004646328332224936,
    "vel_err": 0.0,
    "attr_err": 0.0
  },
  "tp_scores": {
    "trans_err": 0.9317316312153429,
    "scale_err": 0.9517413144979944,
    "orient_err": 0.9953536716677751,
    "vel_err": 1.0,
    "attr_err": 1.0
  },
  "nd_score": 0.7141833725246896,
  "eval_time": null,
  "cfg": {
    "class_range": {
      "car": 50,
      "truck": 50,
      "bus": 50,
      "trailer": 50,
      "construction_vehicle": 50,
      "pedestrian": 40,
      "motorcycle": 40,
      "bicycle": 40,
      "traffic_cone": 30,
      "barrier": 30
    },
    "dist_fcn": "center_distance",
    "dist_ths": [
      0.5,
      1.0,
      2.0,
      4.0
    ],
    "dist_th_tp": 2.0,
    "min_recall": 0.1,
    "min_precision": 0.1,
    "max_boxes_per_sample": 500,
    "mean_ap_weight": 5
  },
  "meta": {
    "use_lidar": true,
    "use_camera": false,
    "use_radar": false,
    "use_map": false,
    "use_external": false
  }
}