{
  "label_aps": {
    "car": {
      "2.0": 0.6954075169162315
    },
    "truck": {
      "2.0": 0.9888888888888892
    },
    "bus": {
      "2.0": 0.9901234567901236
    },
    "trailer": {
      "2.0": 0.0
    },
    "construction_vehicle": {
      "2.0": 0.9888888888888892
    },
    "pedestrian": {
      "2.0": 0.8206040685251028
    },
    "motorcycle": {
      "2.0": 0.0
    },
    "bicycle": {
      "2.0": 0.0
    },
    "traffic_cone": {
      "2.0": 0.6524103468547914
    },
    "barrier": {
      "2.0": 0.9727060015385336
    }
  },
  "label_aps_crit": {
    "car": {
      "2.0": 0.6954075169162315
    },
    "truck": {
      "2.0": 0.9888888888888892
    },
    "bus": {
      "2.0": 0.9901234567901236
    },
    "trailer": {
      "2.0": 0.0
    },
    "construction_vehicle": {
      "2.0": 0.9888888888888892
    },
    "pedestrian": {
      "2.0": 0.8206040685251028
    },
    "motorcycle": {
      "2.0": 0.0
    },
    "bicycle": {
      "2.0": 0.0
    },
    "traffic_cone": {
      "2.0": 0.6524103468547914
    },
    "barrier": {
      "2.0": 0.9727060015385336
    }
  },
  "mean_dist_aps": {
    "car": 0.6954075169162315,
    "truck": 0.9888888888888892,
    "bus": 0.9901234567901236,
    "trailer": 0.0,
    "construction_vehicle": 0.9888888888888892,
    "pedestrian": 0.8206040685251028,
    "motorcycle": 0.0,
    "bicycle": 0.0,
    "traffic_cone": 0.6524103468547914,
    "barrier": 0.9727060015385336
  },
  "mean_ap": 0.6109029168402562,
  "mean_ap_crit": NaN,
  "label_tp_errors": {
    "barrier": {
      "trans_err": 0.39167294902573363,
      "scale_err": 0.20849750237377465,
      "orient_err": 0.05258910639531579,
      "vel_err": NaN,
      "attr_err": NaN
    },
    "car": {
      "trans_err": 0.0,
      "scale_err": 0.0,
      "orient_err": 0.0,
      "vel_err": 0.0,
      "attr_err": 0.0
    },
    "truck": {
      "trans_err": 0.0,
      "scale_err": 0.0,
      "orient_err": 0.0,
      "vel_err": 0.0,
      "attr_err": 0.0
    },
    "bus": {
      "trans_err": 0.0,
      "scale_err": 0.0,
      "orient_err": 0.0,
      "vel_err": 0.0,
      "attr_err": 0.0
    },
    "trailer": {
      "trans_err": 0.0,
      "scale_err": 0.0,
      "orient_err": 0.0,
      "vel_err": 0.0,
      "attr_err": 0.0
    },
    "construction_vehicle": {
      "trans_err": 0.0,
      "scale_err": 0.0,
      "orient_err": 0.0,
      "vel_err": 0.0,
      "attr_err": 0.0
    },
    "pedestrian": {
      "trans_err": 0.0,
      "scale_err": 0.0,
      "orient_err": 0.0,
      "vel_err": 0.0,
      "attr_err": 0.0
    },
    "motorcycle": {
      "trans_err": 0.0,
      "scale_err": 0.0,
      "orient_err": 0.0,
      "vel_err": 0.0,
      "attr_err": 0.0
    },
    "bicycle": {
      "trans_err": 0.0,
      "scale_err": 0.0,
      "orient_err": 0.0,
      "vel_err": 0.0,
      "attr_err": 0.0
    },
    "traffic_cone": {
      "trans_err": 0.0,
      "scale_err": 0.0,
      "orient_err": 0.0,
      "vel_err": 0.0,
      "attr_err": 0.0
    }
  },
  "tp_errors": {
    "trans_err": 0.03916729490257336,
    "scale_err": 0.020849750237377465,
    "orient_err": 0.005258910639531579,
    "vel_err": 0.0,
    "attr_err": 0.0
  },
  "tp_scores": {
    "trans_err": 0.9608327050974267,
    "scale_err": 0.9791502497626225,
    "orient_err": 0.9947410893604685,
    "vel_err": 1.0,
    "attr_err": 1.0
  },
  "nd_score": 0.79892386284218,
  "eval_time": null,
  "cfg": {
    "class_range": {
      "car": 50,
      "truck": 50,
      "bus": 50,
      "trailer": 50,
      "construction_vehicle": 50,
      "pedestrian": 40,
      "motorcycle": 40,
      "bicycle": 40,
      "traffic_cone": 30,
      "barrier": 30
    },
    "dist_fcn": "center_distance",
    "dist_ths": [
      0.5,
      1.0,
      2.0,
      4.0
    ],
    "dist_th_tp": 2.0,
    "min_recall": 0.1,
    "min_precision": 0.1,
    "max_boxes_per_sample": 500,
    "mean_ap_weight": 5
  },
  "meta": {
    "use_lidar": true,
    "use_camera": false,
    "use_radar": false,
    "use_map": false,
    "use_external": false
  }
}