{
  "label_aps": {
    "car": {
      "2.0": 0.6696005424616536
    },
    "truck": {
      "2.0": 0.5123456790123457
    },
    "bus": {
      "2.0": 0.9938271604938275
    },
    "trailer": {
      "2.0": 0.0
    },
    "construction_vehicle": {
      "2.0": 0.9901234567901236
    },
    "pedestrian": {
      "2.0": 0.9975308641975311
    },
    "motorcycle": {
      "2.0": 0.0
    },
    "bicycle": {
      "2.0": 0.0
    },
    "traffic_cone": {
      "2.0": 0.0
    },
    "barrier": {
      "2.0": 0.8706481481481482
    }
  },
  "label_aps_crit": {
    "car": {
      "2.0": 0.6696005424616536
    },
    "truck": {
      "2.0": 0.5123456790123457
    },
    "bus": {
      "2.0": 0.9938271604938275
    },
    "trailer": {
      "2.0": 0.0
    },
    "construction_vehicle": {
      "2.0": 0.9901234567901236
    },
    "pedestrian": {
      "2.0": 0.9975308641975311
    },
    "motorcycle": {
      "2.0": 0.0
    },
    "bicycle": {
      "2.0": 0.0
    },
    "traffic_cone": {
      "2.0": 0.0
    },
    "barrier": {
      "2.0": 0.8706481481481482
    }
  },
  "mean_dist_aps": {
    "car": 0.6696005424616536,
    "truck": 0.5123456790123457,
    "bus": 0.9938271604938275,
    "trailer": 0.0,
    "construction_vehicle": 0.9901234567901236,
    "pedestrian": 0.9975308641975311,
    "motorcycle": 0.0,
    "bicycle": 0.0,
    "traffic_cone": 0.0,
    "barrier": 0.8706481481481482
  },
  "mean_ap": 0.5034075851103629,
  "mean_ap_crit": 0.4737422050268368,
  "label_tp_errors": {
    "barrier": {
      "trans_err": 0.4854185332525874,
      "scale_err": 0.23597707657796216,
      "orient_err": 0.04149614765439105,
      "vel_err": NaN,
      "attr_err": NaN
    },
    "car": {
      "trans_err": 0.0,
      "scale_err": 0.0,
      "orient_err": 0.0,
      "vel_err": 0.0,
      "attr_err": 0.0
    },
    "truck": {
      "trans_err": 0.0,
      "scale_err": 0.0,
      "orient_err": 0.0,
      "vel_err": 0.0,
      "attr_err": 0.0
    },
    "bus": {
      "trans_err": 0.0,
      "scale_err": 0.0,
      "orient_err": 0.0,
      "vel_err": 0.0,
      "attr_err": 0.0
    },
    "trailer": {
      "trans_err": 0.0,
      "scale_err": 0.0,
      "orient_err": 0.0,
      "vel_err": 0.0,
      "attr_err": 0.0
    },
    "construction_vehicle": {
      "trans_err": 0.0,
      "scale_err": 0.0,
      "orient_err": 0.0,
      "vel_err": 0.0,
      "attr_err": 0.0
    },
    "pedestrian": {
      "trans_err": 0.0,
      "scale_err": 0.0,
      "orient_err": 0.0,
      "vel_err": 0.0,
      "attr_err": 0.0
    },
    "motorcycle": {
      "trans_err": 0.0,
      "scale_err": 0.0,
      "orient_err": 0.0,
      "vel_err": 0.0,
      "attr_err": 0.0
    },
    "bicycle": {
      "trans_err": 0.0,
      "scale_err": 0.0,
      "orient_err": 0.0,
      "vel_err": 0.0,
      "attr_err": 0.0
    },
    "traffic_cone": {
      "trans_err": 0.0,
      "scale_err": 0.0,
      "orient_err": 0.0,
      "vel_err": 0.0,
      "attr_err": 0.0
    }
  },
  "tp_errors": {
    "trans_err": 0.04854185332525874,
    "scale_err": 0.023597707657796216,
    "orient_err": 0.004149614765439106,
    "vel_err": 0.0,
    "attr_err": 0.0
  },
  "tp_scores": {
    "trans_err": 0.9514581466747413,
    "scale_err": 0.9764022923422038,
    "orient_err": 0.9958503852345609,
    "vel_err": 1.0,
    "attr_err": 1.0
  },
  "nd_score": 0.7440748749803321,
  "eval_time": null,
  "cfg": {
    "class_range": {
      "car": 50,
      "truck": 50,
      "bus": 50,
      "trailer": 50,
      "construction_vehicle": 50,
      "pedestrian": 40,
      "motorcycle": 40,
      "bicycle": 40,
      "traffic_cone": 30,
      "barrier": 30
    },
    "dist_fcn": "center_distance",
    "dist_ths": [
      0.5,
      1.0,
      2.0,
      4.0
    ],
    "dist_th_tp": 2.0,
    "min_recall": 0.1,
    "min_precision": 0.1,
    "max_boxes_per_sample": 500,
    "mean_ap_weight": 5
  },
  "meta": {
    "use_lidar": true,
    "use_camera": false,
    "use_radar": false,
    "use_map": false,
    "use_external": false
  }
}