{
  "label_aps": {
    "car": {
      "2.0": 0.7155745489078823
    },
    "truck": {
      "2.0": 0.43621399176954734
    },
    "bus": {
      "2.0": 0.0
    },
    "trailer": {
      "2.0": 0.0
    },
    "construction_vehicle": {
      "2.0": 0.43621399176954734
    },
    "pedestrian": {
      "2.0": 0.26186556927297666
    },
    "motorcycle": {
      "2.0": 0.0
    },
    "bicycle": {
      "2.0": 0.0
    },
    "traffic_cone": {
      "2.0": 0.5279482657260436
    },
    "barrier": {
      "2.0": 0.8166372439289107
    }
  },
  "label_aps_crit": {
    "car": {
      "2.0": 0.7155745489078823
    },
    "truck": {
      "2.0": 0.43621399176954734
    },
    "bus": {
      "2.0": 0.0
    },
    "trailer": {
      "2.0": 0.0
    },
    "construction_vehicle": {
      "2.0": 0.43621399176954734
    },
    "pedestrian": {
      "2.0": 0.26186556927297666
    },
    "motorcycle": {
      "2.0": 0.0
    },
    "bicycle": {
      "2.0": 0.0
    },
    "traffic_cone": {
      "2.0": 0.5279482657260436
    },
    "barrier": {
      "2.0": 0.8166372439289107
    }
  },
  "mean_dist_aps": {
    "car": 0.7155745489078823,
    "truck": 0.43621399176954734,
    "bus": 0.0,
    "trailer": 0.0,
    "construction_vehicle": 0.43621399176954734,
    "pedestrian": 0.26186556927297666,
    "motorcycle": 0.0,
    "bicycle": 0.0,
    "traffic_cone": 0.5279482657260436,
    "barrier": 0.8166372439289107
  },
  "mean_ap": 0.31944536113749084,
  "mean_ap_crit": 0.2690132572007105,
  "label_tp_errors": {
    "barrier": {
      "trans_err": 0.39613371850471163,
      "scale_err": 0.19171692519194747,
      "orient_err": 0.048644742721700905,
      "vel_err": NaN,
      "attr_err": NaN
    },
    "car": {
      "trans_err": 0.0,
      "scale_err": 0.0,
      "orient_err": 0.0,
      "vel_err": 0.0,
      "attr_err": 0.0
    },
    "truck": {
      "trans_err": 0.0,
      "scale_err": 0.0,
      "orient_err": 0.0,
      "vel_err": 0.0,
      "attr_err": 0.0
    },
    "bus": {
      "trans_err": 0.0,
      "scale_err": 0.0,
      "orient_err": 0.0,
      "vel_err": 0.0,
      "attr_err": 0.0
    },
    "trailer": {
      "trans_err": 0.0,
      "scale_err": 0.0,
      "orient_err": 0.0,
      "vel_err": 0.0,
      "attr_err": 0.0
    },
    "construction_vehicle": {
      "trans_err": 0.0,
      "scale_err": 0.0,
      "orient_err": 0.0,
      "vel_err": 0.0,
      "attr_err": 0.0
    },
    "pedestrian": {
      "trans_err": 0.0,
      "scale_err": 0.0,
      "orient_err": 0.0,
      "vel_err": 0.0,
      "attr_err": 0.0
    },
    "motorcycle": {
      "trans_err": 0.0,
      "scale_err": 0.0,
      "orient_err": 0.0,
      "vel_err": 0.0,
      "attr_err": 0.0
    },
    "bicycle": {
      "trans_err": 0.0,
      "scale_err": 0.0,
      "orient_err": 0.0,
      "vel_err": 0.0,
      "attr_err": 0.0
    },
    "traffic_cone": {
      "trans_err": 0.0,
      "scale_err": 0.0,
      "orient_err": 0.0,
      "vel_err": 0.0,
      "attr_err": 0.0
    }
  },
  "tp_errors": {
    "trans_err": 0.03961337185047116,
    "scale_err": 0.019171692519194747,
    "orient_err": 0.004864474272170091,
    "vel_err": 0.0,
    "attr_err": 0.0
  },
  "tp_scores": {
    "trans_err": 0.9603866281495288,
    "scale_err": 0.9808283074808053,
    "orient_err": 0.9951355257278299,
    "vel_err": 1.0,
    "attr_err": 1.0
  },
  "nd_score": 0.6533577267045618,
  "eval_time": null,
  "cfg": {
    "class_range": {
      "car": 50,
      "truck": 50,
      "bus": 50,
      "trailer": 50,
      "construction_vehicle": 50,
      "pedestrian": 40,
      "motorcycle": 40,
      "bicycle": 40,
      "traffic_cone": 30,
      "barrier": 30
    },
    "dist_fcn": "center_distance",
    "dist_ths": [
      0.5,
      1.0,
      2.0,
      4.0
    ],
    "dist_th_tp": 2.0,
    "min_recall": 0.1,
    "min_precision": 0.1,
    "max_boxes_per_sample": 500,
    "mean_ap_weight": 5
  },
  "meta": {
    "use_lidar": true,
    "use_camera": false,
    "use_radar": false,
    "use_map": false,
    "use_external": false
  }
}