{
  "label_aps": {
    "car": {
      "2.0": 0.7205341366452478
    },
    "truck": {
      "2.0": 1.0000000000000004
    },
    "bus": {
      "2.0": 1.0000000000000004
    },
    "trailer": {
      "2.0": 0.0
    },
    "construction_vehicle": {
      "2.0": 0.0
    },
    "pedestrian": {
      "2.0": 1.0000000000000004
    },
    "motorcycle": {
      "2.0": 0.0
    },
    "bicycle": {
      "2.0": 0.0
    },
    "traffic_cone": {
      "2.0": 0.16666666666666666
    },
    "barrier": {
      "2.0": 0.8455628318667534
    }
  },
  "label_aps_crit": {
    "car": {
      "2.0": 0.7205341366452478
    },
    "truck": {
      "2.0": 1.0000000000000004
    },
    "bus": {
      "2.0": 1.0000000000000004
    },
    "trailer": {
      "2.0": 0.0
    },
    "construction_vehicle": {
      "2.0": 0.0
    },
    "pedestrian": {
      "2.0": 1.0000000000000004
    },
    "motorcycle": {
      "2.0": 0.0
    },
    "bicycle": {
      "2.0": 0.0
    },
    "traffic_cone": {
      "2.0": 0.16666666666666666
    },
    "barrier": {
      "2.0": 0.8455628318667534
    }
  },
  "mean_dist_aps": {
    "car": 0.7205341366452478,
    "truck": 1.0000000000000004,
    "bus": 1.0000000000000004,
    "trailer": 0.0,
    "construction_vehicle": 0.0,
    "pedestrian": 1.0000000000000004,
    "motorcycle": 0.0,
    "bicycle": 0.0,
    "traffic_cone": 0.16666666666666666,
    "barrier": 0.8455628318667534
  },
  "mean_ap": 0.4732763635178669,
  "mean_ap_crit": 0.42207307121600524,
  "label_tp_errors": {
    "barrier": {
      "trans_err": 0.6242619145316748,
      "scale_err": 0.32478243395471124,
      "orient_err": 0.026789243837571402,
      "vel_err": NaN,
      "attr_err": NaN
    },
    "car": {
      "trans_err": 0.0,
      "scale_err": 0.0,
      "orient_err": 0.0,
      "vel_err": 0.0,
      "attr_err": 0.0
    },
    "truck": {
      "trans_err": 0.0,
      "scale_err": 0.0,
      "orient_err": 0.0,
      "vel_err": 0.0,
      "attr_err": 0.0
    },
    "bus": {
      "trans_err": 0.0,
      "scale_err": 0.0,
      "orient_err": 0.0,
      "vel_err": 0.0,
      "attr_err": 0.0
    },
    "trailer": {
      "trans_err": 0.0,
      "scale_err": 0.0,
      "orient_err": 0.0,
      "vel_err": 0.0,
      "attr_err": 0.0
    },
    "construction_vehicle": {
      "trans_err": 0.0,
      "scale_err": 0.0,
      "orient_err": 0.0,
      "vel_err": 0.0,
      "attr_err": 0.0
    },
    "pedestrian": {
      "trans_err": 0.0,
      "scale_err": 0.0,
      "orient_err": 0.0,
      "vel_err": 0.0,
      "attr_err": 0.0
    },
    "motorcycle": {
      "trans_err": 0.0,
      "scale_err": 0.0,
      "orient_err": 0.0,
      "vel_err": 0.0,
      "attr_err": 0.0
    },
    "bicycle": {
      "trans_err": 0.0,
      "scale_err": 0.0,
      "orient_err": 0.0,
      "vel_err": 0.0,
      "attr_err": 0.0
    },
    "traffic_cone": {
      "trans_err": 0.0,
      "scale_err": 0.0,
      "orient_err": 0.0,
      "vel_err": 0.0,
      "attr_err": 0.0
    }
  },
  "tp_errors": {
    "trans_err": 0.06242619145316748,
    "scale_err": 0.032478243395471125,
    "orient_err": 0.0026789243837571403,
    "vel_err": 0.0,
    "attr_err": 0.0
  },
  "tp_scores": {
    "trans_err": 0.9375738085468325,
    "scale_err": 0.9675217566045289,
    "orient_err": 0.9973210756162428,
    "vel_err": 1.0,
    "attr_err": 1.0
  },
  "nd_score": 0.726879845835694,
  "eval_time": null,
  "cfg": {
    "class_range": {
      "car": 50,
      "truck": 50,
      "bus": 50,
      "trailer": 50,
      "construction_vehicle": 50,
      "pedestrian": 40,
      "motorcycle": 40,
      "bicycle": 40,
      "traffic_cone": 30,
      "barrier": 30
    },
    "dist_fcn": "center_distance",
    "dist_ths": [
      0.5,
      1.0,
      2.0,
      4.0
    ],
    "dist_th_tp": 2.0,
    "min_recall": 0.1,
    "min_precision": 0.1,
    "max_boxes_per_sample": 500,
    "mean_ap_weight": 5
  },
  "meta": {
    "use_lidar": true,
    "use_camera": false,
    "use_radar": false,
    "use_map": false,
    "use_external": false
  }
}