{
  "label_aps": {
    "car": {
      "2.0": 0.9958847736625516
    },
    "truck": {
      "2.0": 1.0000000000000004
    },
    "bus": {
      "2.0": 0.0
    },
    "trailer": {
      "2.0": 0.0
    },
    "construction_vehicle": {
      "2.0": 0.9938271604938275
    },
    "pedestrian": {
      "2.0": 0.8276160393936762
    },
    "motorcycle": {
      "2.0": 0.0
    },
    "bicycle": {
      "2.0": 0.0
    },
    "traffic_cone": {
      "2.0": 0.0
    },
    "barrier": {
      "2.0": 0.7181971730883643
    }
  },
  "label_aps_crit": {
    "car": {
      "2.0": 0.9958847736625516
    },
    "truck": {
      "2.0": 1.0000000000000004
    },
    "bus": {
      "2.0": 0.0
    },
    "trailer": {
      "2.0": 0.0
    },
    "construction_vehicle": {
      "2.0": 0.9938271604938275
    },
    "pedestrian": {
      "2.0": 0.8276160393936762
    },
    "motorcycle": {
      "2.0": 0.0
    },
    "bicycle": {
      "2.0": 0.0
    },
    "traffic_cone": {
      "2.0": 0.0
    },
    "barrier": {
      "2.0": 0.7181971730883643
    }
  },
  "mean_dist_aps": {
    "car": 0.9958847736625516,
    "truck": 1.0000000000000004,
    "bus": 0.0,
    "trailer": 0.0,
    "construction_vehicle": 0.9938271604938275,
    "pedestrian": 0.8276160393936762,
    "motorcycle": 0.0,
    "bicycle": 0.0,
    "traffic_cone": 0.0,
    "barrier": 0.7181971730883643
  },
  "mean_ap": 0.45355251466384205,
  "mean_ap_crit": NaN,
  "label_tp_errors": {
    "barrier": {
      "trans_err": 0.6082759020805133,
      "scale_err": 0.2185318062622874,
      "orient_err": 0.034761432491604155,
      "vel_err": NaN,
      "attr_err": NaN
    },
    "car": {
      "trans_err": 0.0,
      "scale_err": 0.0,
      "orient_err": 0.0,
      "vel_err": 0.0,
      "attr_err": 0.0
    },
    "truck": {
      "trans_err": 0.0,
      "scale_err": 0.0,
      "orient_err": 0.0,
      "vel_err": 0.0,
      "attr_err": 0.0
    },
    "bus": {
      "trans_err": 0.0,
      "scale_err": 0.0,
      "orient_err": 0.0,
      "vel_err": 0.0,
      "attr_err": 0.0
    },
    "trailer": {
      "trans_err": 0.0,
      "scale_err": 0.0,
      "orient_err": 0.0,
      "vel_err": 0.0,
      "attr_err": 0.0
    },
    "construction_vehicle": {
      "trans_err": 0.0,
      "scale_err": 0.0,
      "orient_err": 0.0,
      "vel_err": 0.0,
      "attr_err": 0.0
    },
    "pedestrian": {
      "trans_err": 0.0,
      "scale_err": 0.0,
      "orient_err": 0.0,
      "vel_err": 0.0,
      "attr_err": 0.0
    },
    "motorcycle": {
      "trans_err": 0.0,
      "scale_err": 0.0,
      "orient_err": 0.0,
      "vel_err": 0.0,
      "attr_err": 0.0
    },
    "bicycle": {
      "trans_err": 0.0,
      "scale_err": 0.0,
      "orient_err": 0.0,
      "vel_err": 0.0,
      "attr_err": 0.0
    },
    "traffic_cone": {
      "trans_err": 0.0,
      "scale_err": 0.0,
      "orient_err": 0.0,
      "vel_err": 0.0,
      "attr_err": 0.0
    }
  },
  "tp_errors": {
    "trans_err": 0.06082759020805133,
    "scale_err": 0.021853180626228742,
    "orient_err": 0.0034761432491604155,
    "vel_err": 0.0,
    "attr_err": 0.0
  },
  "tp_scores": {
    "trans_err": 0.9391724097919487,
    "scale_err": 0.9781468193737712,
    "orient_err": 0.9965238567508395,
    "vel_err": 1.0,
    "attr_err": 1.0
  },
  "nd_score": 0.7181605659235769,
  "eval_time": null,
  "cfg": {
    "class_range": {
      "car": 50,
      "truck": 50,
      "bus": 50,
      "trailer": 50,
      "construction_vehicle": 50,
      "pedestrian": 40,
      "motorcycle": 40,
      "bicycle": 40,
      "traffic_cone": 30,
      "barrier": 30
    },
    "dist_fcn": "center_distance",
    "dist_ths": [
      0.5,
      1.0,
      2.0,
      4.0
    ],
    "dist_th_tp": 2.0,
    "min_recall": 0.1,
    "min_precision": 0.1,
    "max_boxes_per_sample": 500,
    "mean_ap_weight": 5
  },
  "meta": {
    "use_lidar": true,
    "use_camera": false,
    "use_radar": false,
    "use_map": false,
    "use_external": false
  }
}