{
  "label_aps": {
    "car": {
      "0.5": 0.7009041224029755,
      "1.0": 0.8232151604547453,
      "2.0": 0.8510441773941825,
      "4.0": 0.8669954356972513
    },
    "truck": {
      "0.5": 0.2396241959258286,
      "1.0": 0.4405943521053402,
      "2.0": 0.5518397942462654,
      "4.0": 0.6031007244549175
    },
    "bus": {
      "0.5": 0.1742220844586778,
      "1.0": 0.5537224010560102,
      "2.0": 0.7173231905301807,
      "4.0": 0.7466024870609486
    },
    "trailer": {
      "0.5": 0.013489289696473606,
      "1.0": 0.13923438753218773,
      "2.0": 0.3381168554882295,
      "4.0": 0.461445979572902
    },
    "construction_vehicle": {
      "0.5": 0.0010575204595230745,
      "1.0": 0.09215195327901325,
      "2.0": 0.20256299835182884,
      "4.0": 0.26289930623937824
    },
    "pedestrian": {
      "0.5": 0.7485530201728439,
      "1.0": 0.7608775459872247,
      "2.0": 0.7744956752551466,
      "4.0": 0.7898949766183538
    },
    "motorcycle": {
      "0.5": 0.41295705187777837,
      "1.0": 0.4841370624221908,
      "2.0": 0.49516707055665443,
      "4.0": 0.5086103824078521
    },
    "bicycle": {
      "0.5": 0.15544526279837526,
      "1.0": 0.1775530569278967,
      "2.0": 0.18071715820916856,
      "4.0": 0.1905691360119735
    },
    "traffic_cone": {
      "0.5": 0.39024922016830904,
      "1.0": 0.41242613439720166,
      "2.0": 0.44062394626188467,
      "4.0": 0.4943261210421221
    },
    "barrier": {
      "0.5": 0.36272938673090993,
      "1.0": 0.4635280188422366,
      "2.0": 0.5256625504739785,
      "4.0": 0.597190334608013
    }
  },
  "label_aps_crit": {
    "car": {
      "0.5": 0.7009041224029755,
      "1.0": 0.8232151604547453,
      "2.0": 0.8510441773941825,
      "4.0": 0.8669954356972513
    },
    "truck": {
      "0.5": 0.2396241959258286,
      "1.0": 0.4405943521053402,
      "2.0": 0.5518397942462654,
      "4.0": 0.6031007244549175
    },
    "bus": {
      "0.5": 0.1742220844586778,
      "1.0": 0.5537224010560102,
      "2.0": 0.7173231905301807,
      "4.0": 0.7466024870609486
    },
    "trailer": {
      "0.5": 0.013489289696473606,
      "1.0": 0.13923438753218773,
      "2.0": 0.3381168554882295,
      "4.0": 0.461445979572902
    },
    "construction_vehicle": {
      "0.5": 0.0010575204595230745,
      "1.0": 0.09215195327901325,
      "2.0": 0.20256299835182884,
      "4.0": 0.26289930623937824
    },
    "pedestrian": {
      "0.5": 0.7485530201728439,
      "1.0": 0.7608775459872247,
      "2.0": 0.7744956752551466,
      "4.0": 0.7898949766183538
    },
    "motorcycle": {
      "0.5": 0.41295705187777837,
      "1.0": 0.4841370624221908,
      "2.0": 0.49516707055665443,
      "4.0": 0.5086103824078521
    },
    "bicycle": {
      "0.5": 0.15544526279837526,
      "1.0": 0.1775530569278967,
      "2.0": 0.18071715820916856,
      "4.0": 0.1905691360119735
    },
    "traffic_cone": {
      "0.5": 0.39024922016830904,
      "1.0": 0.41242613439720166,
      "2.0": 0.44062394626188467,
      "4.0": 0.4943261210421221
    },
    "barrier": {
      "0.5": 0.36272938673090993,
      "1.0": 0.4635280188422366,
      "2.0": 0.5256625504739785,
      "4.0": 0.597190334608013
    }
  },
  "mean_dist_aps": {
    "car": 0.8105397239872887,
    "truck": 0.4587897666830879,
    "bus": 0.5479675407764544,
    "trailer": 0.23807162807244822,
    "construction_vehicle": 0.13966794458243587,
    "pedestrian": 0.7684553045083922,
    "motorcycle": 0.4752178918161189,
    "bicycle": 0.17607115348685348,
    "traffic_cone": 0.4344063554673794,
    "barrier": 0.4872775726637845
  },
  "mean_ap": 0.4536464882044243,
  "mean_ap_crit": 0.5022666828438289,
  "label_tp_errors": {
    "car": {
      "trans_err": 0.19852604234819274,
      "scale_err": 0.35907518051269005,
      "orient_err": 1.583080851183855,
      "vel_err": 0.2121988422334702,
      "attr_err": 0.19682801111097048
    },
    "truck": {
      "trans_err": 0.4224517963956799,
      "scale_err": 0.2842225193662425,
      "orient_err": 1.566847868057234,
      "vel_err": 0.21769504471053913,
      "attr_err": 0.20615150923160575
    },
    "bus": {
      "trans_err": 0.5153890445763635,
      "scale_err": 0.43992421339385507,
      "orient_err": 1.560801582794946,
      "vel_err": 0.43720506968899353,
      "attr_err": 0.23084567013943913
    },
    "trailer": {
      "trans_err": 0.755119276647357,
      "scale_err": 0.5772088043653051,
      "orient_err": 1.5480644214964483,
      "vel_err": 0.2273011598675865,
      "attr_err": 0.19553713501998185
    },
    "construction_vehicle": {
      "trans_err": 0.7883401444397832,
      "scale_err": 0.531981034999916,
      "orient_err": 1.5564003929474592,
      "vel_err": 0.1462525405309954,
      "attr_err": 0.35779820791005085
    },
    "pedestrian": {
      "trans_err": 0.14595692557940332,
      "scale_err": 0.33614940533325177,
      "orient_err": 1.5875970108208388,
      "vel_err": 0.22950580377355487,
      "attr_err": 0.07339075822385906
    },
    "motorcycle": {
      "trans_err": 0.2437546574501776,
      "scale_err": 0.3023668021811689,
      "orient_err": 1.5972801936223686,
      "vel_err": 0.4158243067111475,
      "attr_err": 0.21930288836999737
    },
    "bicycle": {
      "trans_err": 0.2437247139679432,
      "scale_err": 0.31880244319523576,
      "orient_err": 1.6201020686507686,
      "vel_err": 0.2471142885869232,
      "attr_err": 0.0366447663074935
    },
    "traffic_cone": {
      "trans_err": 0.2114662426421713,
      "scale_err": 0.34525124649526934,
      "orient_err": NaN,
      "vel_err": NaN,
      "attr_err": NaN
    },
    "barrier": {
      "trans_err": 0.35949747459262765,
      "scale_err": 0.9636191431160299,
      "orient_err": 1.3004338626442145,
      "vel_err": NaN,
      "attr_err": NaN
    }
  },
  "tp_errors": {
    "trans_err": 0.38842263186396997,
    "scale_err": 0.4458600792958965,
    "orient_err": 1.5467342502464592,
    "vel_err": 0.2666371320129013,
    "attr_err": 0.18956236828917472
  },
  "tp_scores": {
    "trans_err": 0.61157736813603,
    "scale_err": 0.5541399207041036,
    "orient_err": 0.0,
    "vel_err": 0.7333628679870987,
    "attr_err": 0.8104376317108253
  },
  "nd_score": 0.49777502295601794,
  "eval_time": 187.53662705421448,
  "cfg": {
    "class_range": {
      "car": 50,
      "truck": 50,
      "bus": 50,
      "trailer": 50,
      "construction_vehicle": 50,
      "pedestrian": 40,
      "motorcycle": 40,
      "bicycle": 40,
      "traffic_cone": 30,
      "barrier": 30
    },
    "dist_fcn": "center_distance",
    "dist_ths": [
      0.5,
      1.0,
      2.0,
      4.0
    ],
    "dist_th_tp": 2.0,
    "min_recall": 0.1,
    "min_precision": 0.1,
    "max_boxes_per_sample": 500,
    "mean_ap_weight": 5
  },
  "meta": {
    "use_lidar": true,
    "use_camera": false,
    "use_radar": false,
    "use_map": false,
    "use_external": false
  }
}