{
  "label_aps": {
    "car": {
      "0.5": 0.6671421005749939,
      "1.0": 0.8123627131540515,
      "2.0": 0.8440967939147782,
      "4.0": 0.8611294203172453
    },
    "truck": {
      "0.5": 0.2199833501211473,
      "1.0": 0.4266543369072465,
      "2.0": 0.5407751358999092,
      "4.0": 0.5758364350854165
    },
    "bus": {
      "0.5": 0.20453165470415233,
      "1.0": 0.5216669215226901,
      "2.0": 0.678011536344632,
      "4.0": 0.71805050415837
    },
    "trailer": {
      "0.5": 0.009416635929152989,
      "1.0": 0.141764307524828,
      "2.0": 0.3431504020082567,
      "4.0": 0.5035685196824702
    },
    "construction_vehicle": {
      "0.5": 0.00023511342167183456,
      "1.0": 0.05877948000647049,
      "2.0": 0.16455181777570077,
      "4.0": 0.2079154423299012
    },
    "pedestrian": {
      "0.5": 0.7088517279351858,
      "1.0": 0.7223558209527555,
      "2.0": 0.7368228914408352,
      "4.0": 0.7556639485618036
    },
    "motorcycle": {
      "0.5": 0.36578317682500056,
      "1.0": 0.4279467493629032,
      "2.0": 0.4365606017023399,
      "4.0": 0.4466929733742562
    },
    "bicycle": {
      "0.5": 0.09327473081559888,
      "1.0": 0.12161340023365601,
      "2.0": 0.12552794891871674,
      "4.0": 0.13433969789984662
    },
    "traffic_cone": {
      "0.5": 0.3336179639962845,
      "1.0": 0.35757451493648124,
      "2.0": 0.3881571742032589,
      "4.0": 0.44423929443499033
    },
    "barrier": {
      "0.5": 0.2628588291798269,
      "1.0": 0.3967575625413561,
      "2.0": 0.49370482879714794,
      "4.0": 0.5643074791591133
    }
  },
  "label_aps_crit": {
    "car": {
      "0.5": 0.6671421005749939,
      "1.0": 0.8123627131540515,
      "2.0": 0.8440967939147782,
      "4.0": 0.8611294203172453
    },
    "truck": {
      "0.5": 0.2199833501211473,
      "1.0": 0.4266543369072465,
      "2.0": 0.5407751358999092,
      "4.0": 0.5758364350854165
    },
    "bus": {
      "0.5": 0.20453165470415233,
      "1.0": 0.5216669215226901,
      "2.0": 0.678011536344632,
      "4.0": 0.71805050415837
    },
    "trailer": {
      "0.5": 0.009416635929152989,
      "1.0": 0.141764307524828,
      "2.0": 0.3431504020082567,
      "4.0": 0.5035685196824702
    },
    "construction_vehicle": {
      "0.5": 0.00023511342167183456,
      "1.0": 0.05877948000647049,
      "2.0": 0.16455181777570077,
      "4.0": 0.2079154423299012
    },
    "pedestrian": {
      "0.5": 0.7088517279351858,
      "1.0": 0.7223558209527555,
      "2.0": 0.7368228914408352,
      "4.0": 0.7556639485618036
    },
    "motorcycle": {
      "0.5": 0.36578317682500056,
      "1.0": 0.4279467493629032,
      "2.0": 0.4365606017023399,
      "4.0": 0.4466929733742562
    },
    "bicycle": {
      "0.5": 0.09327473081559888,
      "1.0": 0.12161340023365601,
      "2.0": 0.12552794891871674,
      "4.0": 0.13433969789984662
    },
    "traffic_cone": {
      "0.5": 0.3336179639962845,
      "1.0": 0.35757451493648124,
      "2.0": 0.3881571742032589,
      "4.0": 0.44423929443499033
    },
    "barrier": {
      "0.5": 0.2628588291798269,
      "1.0": 0.3967575625413561,
      "2.0": 0.49370482879714794,
      "4.0": 0.5643074791591133
    }
  },
  "mean_dist_aps": {
    "car": 0.7961827569902673,
    "truck": 0.44081231450342984,
    "bus": 0.5305651541824611,
    "trailer": 0.24947496628617696,
    "construction_vehicle": 0.10787046338343607,
    "pedestrian": 0.7309235972226451,
    "motorcycle": 0.41924587531612495,
    "bicycle": 0.11868894446695456,
    "traffic_cone": 0.3808972368927537,
    "barrier": 0.4294071749193611
  },
  "mean_ap": 0.420406848416361,
  "mean_ap_crit": 0.46277451724752805,
  "label_tp_errors": {
    "car": {
      "trans_err": 0.21829842310744504,
      "scale_err": 0.3594061948232266,
      "orient_err": 1.583376021548606,
      "vel_err": 0.2502690819290423,
      "attr_err": 0.1999706999228753
    },
    "truck": {
      "trans_err": 0.4506790960399142,
      "scale_err": 0.2866399034221718,
      "orient_err": 1.5619258253346018,
      "vel_err": 0.22583150563459714,
      "attr_err": 0.22131940847103104
    },
    "bus": {
      "trans_err": 0.485677174705988,
      "scale_err": 0.4408856850400303,
      "orient_err": 1.5579316017246994,
      "vel_err": 0.4788854325818091,
      "attr_err": 0.23783461863979263
    },
    "trailer": {
      "trans_err": 0.7849282102672086,
      "scale_err": 0.580454456555773,
      "orient_err": 1.5761565912423419,
      "vel_err": 0.1987314274434856,
      "attr_err": 0.18920370704612874
    },
    "construction_vehicle": {
      "trans_err": 0.825231140142013,
      "scale_err": 0.5495057786453785,
      "orient_err": 1.5780220100561175,
      "vel_err": 0.13744943809098153,
      "attr_err": 0.3499423543859821
    },
    "pedestrian": {
      "trans_err": 0.15469905171519485,
      "scale_err": 0.3376158942193377,
      "orient_err": 1.5807752590554434,
      "vel_err": 0.24880499664280156,
      "attr_err": 0.0763308487271714
    },
    "motorcycle": {
      "trans_err": 0.25898994826220384,
      "scale_err": 0.2962854114540886,
      "orient_err": 1.5501323456529852,
      "vel_err": 0.5047254832571959,
      "attr_err": 0.15138062969149732
    },
    "bicycle": {
      "trans_err": 0.3003299313607846,
      "scale_err": 0.3254506733933347,
      "orient_err": 1.614512749596788,
      "vel_err": 0.29250950255791797,
      "attr_err": 0.04648209415147449
    },
    "traffic_cone": {
      "trans_err": 0.24071137160931622,
      "scale_err": 0.35434767764576164,
      "orient_err": NaN,
      "vel_err": NaN,
      "attr_err": NaN
    },
    "barrier": {
      "trans_err": 0.47437261343367704,
      "scale_err": 0.961831055514256,
      "orient_err": 1.2967859201764769,
      "vel_err": NaN,
      "attr_err": NaN
    }
  },
  "tp_errors": {
    "trans_err": 0.41939169606437454,
    "scale_err": 0.44924227307133585,
    "orient_err": 1.5444020360431177,
    "vel_err": 0.2921508585172289,
    "attr_err": 0.18405804512949414
  },
  "tp_scores": {
    "trans_err": 0.5806083039356255,
    "scale_err": 0.5507577269286641,
    "orient_err": 0.0,
    "vel_err": 0.7078491414827711,
    "attr_err": 0.8159419548705058
  },
  "nd_score": 0.4757191369299372,
  "eval_time": 186.35022830963135,
  "cfg": {
    "class_range": {
      "car": 50,
      "truck": 50,
      "bus": 50,
      "trailer": 50,
      "construction_vehicle": 50,
      "pedestrian": 40,
      "motorcycle": 40,
      "bicycle": 40,
      "traffic_cone": 30,
      "barrier": 30
    },
    "dist_fcn": "center_distance",
    "dist_ths": [
      0.5,
      1.0,
      2.0,
      4.0
    ],
    "dist_th_tp": 2.0,
    "min_recall": 0.1,
    "min_precision": 0.1,
    "max_boxes_per_sample": 500,
    "mean_ap_weight": 5
  },
  "meta": {
    "use_lidar": true,
    "use_camera": false,
    "use_radar": false,
    "use_map": false,
    "use_external": false
  }
}