{
  "label_aps": {
    "car": {
      "2.0": 0.8333333333333335
    },
    "truck": {
      "2.0": 0.0
    },
    "bus": {
      "2.0": 1.0000000000000004
    },
    "trailer": {
      "2.0": 0.0
    },
    "construction_vehicle": {
      "2.0": 0.0
    },
    "pedestrian": {
      "2.0": 0.8387345679012346
    },
    "motorcycle": {
      "2.0": 1.0000000000000004
    },
    "bicycle": {
      "2.0": 0.0
    },
    "traffic_cone": {
      "2.0": 0.3
    },
    "barrier": {
      "2.0": 0.5884240553684998
    }
  },
  "label_aps_crit": {
    "car": {
      "2.0": 0.8333333333333335
    },
    "truck": {
      "2.0": 0.0
    },
    "bus": {
      "2.0": 1.0000000000000004
    },
    "trailer": {
      "2.0": 0.0
    },
    "construction_vehicle": {
      "2.0": 0.0
    },
    "pedestrian": {
      "2.0": 0.8387345679012346
    },
    "motorcycle": {
      "2.0": 1.0000000000000004
    },
    "bicycle": {
      "2.0": 0.0
    },
    "traffic_cone": {
      "2.0": 0.3
    },
    "barrier": {
      "2.0": 0.5884240553684998
    }
  },
  "mean_dist_aps": {
    "car": 0.8333333333333335,
    "truck": 0.0,
    "bus": 1.0000000000000004,
    "trailer": 0.0,
    "construction_vehicle": 0.0,
    "pedestrian": 0.8387345679012346,
    "motorcycle": 1.0000000000000004,
    "bicycle": 0.0,
    "traffic_cone": 0.3,
    "barrier": 0.5884240553684998
  },
  "mean_ap": 0.4560491956603069,
  "mean_ap_crit": 0.4383155290456955,
  "label_tp_errors": {
    "barrier": {
      "trans_err": 0.22175320661158707,
      "scale_err": 0.2841025087390737,
      "orient_err": 0.04104437718657426,
      "vel_err": NaN,
      "attr_err": NaN
    },
    "car": {
      "trans_err": 0.0,
      "scale_err": 0.0,
      "orient_err": 0.0,
      "vel_err": 0.0,
      "attr_err": 0.0
    },
    "truck": {
      "trans_err": 0.0,
      "scale_err": 0.0,
      "orient_err": 0.0,
      "vel_err": 0.0,
      "attr_err": 0.0
    },
    "bus": {
      "trans_err": 0.0,
      "scale_err": 0.0,
      "orient_err": 0.0,
      "vel_err": 0.0,
      "attr_err": 0.0
    },
    "trailer": {
      "trans_err": 0.0,
      "scale_err": 0.0,
      "orient_err": 0.0,
      "vel_err": 0.0,
      "attr_err": 0.0
    },
    "construction_vehicle": {
      "trans_err": 0.0,
      "scale_err": 0.0,
      "orient_err": 0.0,
      "vel_err": 0.0,
      "attr_err": 0.0
    },
    "pedestrian": {
      "trans_err": 0.0,
      "scale_err": 0.0,
      "orient_err": 0.0,
      "vel_err": 0.0,
      "attr_err": 0.0
    },
    "motorcycle": {
      "trans_err": 0.0,
      "scale_err": 0.0,
      "orient_err": 0.0,
      "vel_err": 0.0,
      "attr_err": 0.0
    },
    "bicycle": {
      "trans_err": 0.0,
      "scale_err": 0.0,
      "orient_err": 0.0,
      "vel_err": 0.0,
      "attr_err": 0.0
    },
    "traffic_cone": {
      "trans_err": 0.0,
      "scale_err": 0.0,
      "orient_err": 0.0,
      "vel_err": 0.0,
      "attr_err": 0.0
    }
  },
  "tp_errors": {
    "trans_err": 0.022175320661158706,
    "scale_err": 0.02841025087390737,
    "orient_err": 0.004104437718657426,
    "vel_err": 0.0,
    "attr_err": 0.0
  },
  "tp_scores": {
    "trans_err": 0.9778246793388413,
    "scale_err": 0.9715897491260926,
    "orient_err": 0.9958955622813426,
    "vel_err": 1.0,
    "attr_err": 1.0
  },
  "nd_score": 0.7225555969047811,
  "eval_time": null,
  "cfg": {
    "class_range": {
      "car": 50,
      "truck": 50,
      "bus": 50,
      "trailer": 50,
      "construction_vehicle": 50,
      "pedestrian": 40,
      "motorcycle": 40,
      "bicycle": 40,
      "traffic_cone": 30,
      "barrier": 30
    },
    "dist_fcn": "center_distance",
    "dist_ths": [
      0.5,
      1.0,
      2.0,
      4.0
    ],
    "dist_th_tp": 2.0,
    "min_recall": 0.1,
    "min_precision": 0.1,
    "max_boxes_per_sample": 500,
    "mean_ap_weight": 5
  },
  "meta": {
    "use_lidar": true,
    "use_camera": false,
    "use_radar": false,
    "use_map": false,
    "use_external": false
  }
}