{
  "label_aps": {
    "car": {
      "2.0": 0.9075488014157578
    },
    "truck": {
      "2.0": 0.7307234134719515
    },
    "bus": {
      "2.0": 0.0
    },
    "trailer": {
      "2.0": 0.0
    },
    "construction_vehicle": {
      "2.0": 0.0
    },
    "pedestrian": {
      "2.0": 0.9888888888888892
    },
    "motorcycle": {
      "2.0": 0.19519890260631
    },
    "bicycle": {
      "2.0": 0.0
    },
    "traffic_cone": {
      "2.0": 0.6222222222222222
    },
    "barrier": {
      "2.0": 0.73559670781893
    }
  },
  "label_aps_crit": {
    "car": {
      "2.0": 0.9075488014157578
    },
    "truck": {
      "2.0": 0.7307234134719515
    },
    "bus": {
      "2.0": 0.0
    },
    "trailer": {
      "2.0": 0.0
    },
    "construction_vehicle": {
      "2.0": 0.0
    },
    "pedestrian": {
      "2.0": 0.9888888888888892
    },
    "motorcycle": {
      "2.0": 0.19519890260631
    },
    "bicycle": {
      "2.0": 0.0
    },
    "traffic_cone": {
      "2.0": 0.6222222222222222
    },
    "barrier": {
      "2.0": 0.73559670781893
    }
  },
  "mean_dist_aps": {
    "car": 0.9075488014157578,
    "truck": 0.7307234134719515,
    "bus": 0.0,
    "trailer": 0.0,
    "construction_vehicle": 0.0,
    "pedestrian": 0.9888888888888892,
    "motorcycle": 0.19519890260631,
    "bicycle": 0.0,
    "traffic_cone": 0.6222222222222222,
    "barrier": 0.73559670781893
  },
  "mean_ap": 0.41801789364240605,
  "mean_ap_crit": 0.4096991934881686,
  "label_tp_errors": {
    "barrier": {
      "trans_err": 0.3732813761738679,
      "scale_err": 0.1595609105476799,
      "orient_err": 0.02012654575409424,
      "vel_err": NaN,
      "attr_err": NaN
    },
    "car": {
      "trans_err": 0.0,
      "scale_err": 0.0,
      "orient_err": 0.0,
      "vel_err": 0.0,
      "attr_err": 0.0
    },
    "truck": {
      "trans_err": 0.0,
      "scale_err": 0.0,
      "orient_err": 0.0,
      "vel_err": 0.0,
      "attr_err": 0.0
    },
    "bus": {
      "trans_err": 0.0,
      "scale_err": 0.0,
      "orient_err": 0.0,
      "vel_err": 0.0,
      "attr_err": 0.0
    },
    "trailer": {
      "trans_err": 0.0,
      "scale_err": 0.0,
      "orient_err": 0.0,
      "vel_err": 0.0,
      "attr_err": 0.0
    },
    "construction_vehicle": {
      "trans_err": 0.0,
      "scale_err": 0.0,
      "orient_err": 0.0,
      "vel_err": 0.0,
      "attr_err": 0.0
    },
    "pedestrian": {
      "trans_err": 0.0,
      "scale_err": 0.0,
      "orient_err": 0.0,
      "vel_err": 0.0,
      "attr_err": 0.0
    },
    "motorcycle": {
      "trans_err": 0.0,
      "scale_err": 0.0,
      "orient_err": 0.0,
      "vel_err": 0.0,
      "attr_err": 0.0
    },
    "bicycle": {
      "trans_err": 0.0,
      "scale_err": 0.0,
      "orient_err": 0.0,
      "vel_err": 0.0,
      "attr_err": 0.0
    },
    "traffic_cone": {
      "trans_err": 0.0,
      "scale_err": 0.0,
      "orient_err": 0.0,
      "vel_err": 0.0,
      "attr_err": 0.0
    }
  },
  "tp_errors": {
    "trans_err": 0.03732813761738679,
    "scale_err": 0.01595609105476799,
    "orient_err": 0.002012654575409424,
    "vel_err": 0.0,
    "attr_err": 0.0
  },
  "tp_scores": {
    "trans_err": 0.9626718623826132,
    "scale_err": 0.984043908945232,
    "orient_err": 0.9979873454245906,
    "vel_err": 1.0,
    "attr_err": 1.0
  },
  "nd_score": 0.7034792584964465,
  "eval_time": null,
  "cfg": {
    "class_range": {
      "car": 50,
      "truck": 50,
      "bus": 50,
      "trailer": 50,
      "construction_vehicle": 50,
      "pedestrian": 40,
      "motorcycle": 40,
      "bicycle": 40,
      "traffic_cone": 30,
      "barrier": 30
    },
    "dist_fcn": "center_distance",
    "dist_ths": [
      0.5,
      1.0,
      2.0,
      4.0
    ],
    "dist_th_tp": 2.0,
    "min_recall": 0.1,
    "min_precision": 0.1,
    "max_boxes_per_sample": 500,
    "mean_ap_weight": 5
  },
  "meta": {
    "use_lidar": true,
    "use_camera": false,
    "use_radar": false,
    "use_map": false,
    "use_external": false
  }
}