{
  "label_aps": {
    "car": {
      "2.0": 0.9168611111111112
    },
    "truck": {
      "2.0": 0.0
    },
    "bus": {
      "2.0": 0.0
    },
    "trailer": {
      "2.0": 0.0
    },
    "construction_vehicle": {
      "2.0": 0.0
    },
    "pedestrian": {
      "2.0": 0.1161769547325103
    },
    "motorcycle": {
      "2.0": 1.0000000000000004
    },
    "bicycle": {
      "2.0": 1.0000000000000004
    },
    "traffic_cone": {
      "2.0": 0.0
    },
    "barrier": {
      "2.0": 0.7165246423672349
    }
  },
  "label_aps_crit": {
    "car": {
      "2.0": 0.9168611111111112
    },
    "truck": {
      "2.0": 0.0
    },
    "bus": {
      "2.0": 0.0
    },
    "trailer": {
      "2.0": 0.0
    },
    "construction_vehicle": {
      "2.0": 0.0
    },
    "pedestrian": {
      "2.0": 0.1161769547325103
    },
    "motorcycle": {
      "2.0": 1.0000000000000004
    },
    "bicycle": {
      "2.0": 1.0000000000000004
    },
    "traffic_cone": {
      "2.0": 0.0
    },
    "barrier": {
      "2.0": 0.7165246423672349
    }
  },
  "mean_dist_aps": {
    "car": 0.9168611111111112,
    "truck": 0.0,
    "bus": 0.0,
    "trailer": 0.0,
    "construction_vehicle": 0.0,
    "pedestrian": 0.1161769547325103,
    "motorcycle": 1.0000000000000004,
    "bicycle": 1.0000000000000004,
    "traffic_cone": 0.0,
    "barrier": 0.7165246423672349
  },
  "mean_ap": 0.37495627082108574,
  "mean_ap_crit": 0.37831905187664994,
  "label_tp_errors": {
    "barrier": {
      "trans_err": 0.18018561508217873,
      "scale_err": 0.43580533371097163,
      "orient_err": 0.023838078833498817,
      "vel_err": NaN,
      "attr_err": NaN
    },
    "car": {
      "trans_err": 0.0,
      "scale_err": 0.0,
      "orient_err": 0.0,
      "vel_err": 0.0,
      "attr_err": 0.0
    },
    "truck": {
      "trans_err": 0.0,
      "scale_err": 0.0,
      "orient_err": 0.0,
      "vel_err": 0.0,
      "attr_err": 0.0
    },
    "bus": {
      "trans_err": 0.0,
      "scale_err": 0.0,
      "orient_err": 0.0,
      "vel_err": 0.0,
      "attr_err": 0.0
    },
    "trailer": {
      "trans_err": 0.0,
      "scale_err": 0.0,
      "orient_err": 0.0,
      "vel_err": 0.0,
      "attr_err": 0.0
    },
    "construction_vehicle": {
      "trans_err": 0.0,
      "scale_err": 0.0,
      "orient_err": 0.0,
      "vel_err": 0.0,
      "attr_err": 0.0
    },
    "pedestrian": {
      "trans_err": 0.0,
      "scale_err": 0.0,
      "orient_err": 0.0,
      "vel_err": 0.0,
      "attr_err": 0.0
    },
    "motorcycle": {
      "trans_err": 0.0,
      "scale_err": 0.0,
      "orient_err": 0.0,
      "vel_err": 0.0,
      "attr_err": 0.0
    },
    "bicycle": {
      "trans_err": 0.0,
      "scale_err": 0.0,
      "orient_err": 0.0,
      "vel_err": 0.0,
      "attr_err": 0.0
    },
    "traffic_cone": {
      "trans_err": 0.0,
      "scale_err": 0.0,
      "orient_err": 0.0,
      "vel_err": 0.0,
      "attr_err": 0.0
    }
  },
  "tp_errors": {
    "trans_err": 0.018018561508217873,
    "scale_err": 0.043580533371097165,
    "orient_err": 0.002383807883349882,
    "vel_err": 0.0,
    "attr_err": 0.0
  },
  "tp_scores": {
    "trans_err": 0.9819814384917821,
    "scale_err": 0.9564194666289029,
    "orient_err": 0.9976161921166501,
    "vel_err": 1.0,
    "attr_err": 1.0
  },
  "nd_score": 0.6810798451342764,
  "eval_time": null,
  "cfg": {
    "class_range": {
      "car": 50,
      "truck": 50,
      "bus": 50,
      "trailer": 50,
      "construction_vehicle": 50,
      "pedestrian": 40,
      "motorcycle": 40,
      "bicycle": 40,
      "traffic_cone": 30,
      "barrier": 30
    },
    "dist_fcn": "center_distance",
    "dist_ths": [
      0.5,
      1.0,
      2.0,
      4.0
    ],
    "dist_th_tp": 2.0,
    "min_recall": 0.1,
    "min_precision": 0.1,
    "max_boxes_per_sample": 500,
    "mean_ap_weight": 5
  },
  "meta": {
    "use_lidar": true,
    "use_camera": false,
    "use_radar": false,
    "use_map": false,
    "use_external": false
  }
}