{
  "label_aps": {
    "car": {
      "2.0": 0.0
    },
    "truck": {
      "2.0": 0.9938271604938275
    },
    "bus": {
      "2.0": 0.0
    },
    "trailer": {
      "2.0": 1.0000000000000004
    },
    "construction_vehicle": {
      "2.0": 0.0
    },
    "pedestrian": {
      "2.0": 0.9984567901234571
    },
    "motorcycle": {
      "2.0": 0.0
    },
    "bicycle": {
      "2.0": 0.0
    },
    "traffic_cone": {
      "2.0": 0.0
    },
    "barrier": {
      "2.0": 0.9987654320987656
    }
  },
  "label_aps_crit": {
    "car": {
      "2.0": 0.0
    },
    "truck": {
      "2.0": 0.9938271604938275
    },
    "bus": {
      "2.0": 0.0
    },
    "trailer": {
      "2.0": 1.0000000000000004
    },
    "construction_vehicle": {
      "2.0": 0.0
    },
    "pedestrian": {
      "2.0": 0.9984567901234571
    },
    "motorcycle": {
      "2.0": 0.0
    },
    "bicycle": {
      "2.0": 0.0
    },
    "traffic_cone": {
      "2.0": 0.0
    },
    "barrier": {
      "2.0": 0.9987654320987656
    }
  },
  "mean_dist_aps": {
    "car": 0.0,
    "truck": 0.9938271604938275,
    "bus": 0.0,
    "trailer": 1.0000000000000004,
    "construction_vehicle": 0.0,
    "pedestrian": 0.9984567901234571,
    "motorcycle": 0.0,
    "bicycle": 0.0,
    "traffic_cone": 0.0,
    "barrier": 0.9987654320987656
  },
  "mean_ap": 0.39910493827160504,
  "mean_ap_crit": 0.3906225828513746,
  "label_tp_errors": {
    "barrier": {
      "trans_err": 0.5960386157554896,
      "scale_err": 0.21495285092610514,
      "orient_err": 0.045076276775812836,
      "vel_err": NaN,
      "attr_err": NaN
    },
    "car": {
      "trans_err": 0.0,
      "scale_err": 0.0,
      "orient_err": 0.0,
      "vel_err": 0.0,
      "attr_err": 0.0
    },
    "truck": {
      "trans_err": 0.0,
      "scale_err": 0.0,
      "orient_err": 0.0,
      "vel_err": 0.0,
      "attr_err": 0.0
    },
    "bus": {
      "trans_err": 0.0,
      "scale_err": 0.0,
      "orient_err": 0.0,
      "vel_err": 0.0,
      "attr_err": 0.0
    },
    "trailer": {
      "trans_err": 0.0,
      "scale_err": 0.0,
      "orient_err": 0.0,
      "vel_err": 0.0,
      "attr_err": 0.0
    },
    "construction_vehicle": {
      "trans_err": 0.0,
      "scale_err": 0.0,
      "orient_err": 0.0,
      "vel_err": 0.0,
      "attr_err": 0.0
    },
    "pedestrian": {
      "trans_err": 0.0,
      "scale_err": 0.0,
      "orient_err": 0.0,
      "vel_err": 0.0,
      "attr_err": 0.0
    },
    "motorcycle": {
      "trans_err": 0.0,
      "scale_err": 0.0,
      "orient_err": 0.0,
      "vel_err": 0.0,
      "attr_err": 0.0
    },
    "bicycle": {
      "trans_err": 0.0,
      "scale_err": 0.0,
      "orient_err": 0.0,
      "vel_err": 0.0,
      "attr_err": 0.0
    },
    "traffic_cone": {
      "trans_err": 0.0,
      "scale_err": 0.0,
      "orient_err": 0.0,
      "vel_err": 0.0,
      "attr_err": 0.0
    }
  },
  "tp_errors": {
    "trans_err": 0.05960386157554896,
    "scale_err": 0.021495285092610512,
    "orient_err": 0.004507627677581284,
    "vel_err": 0.0,
    "attr_err": 0.0
  },
  "tp_scores": {
    "trans_err": 0.940396138424451,
    "scale_err": 0.9785047149073894,
    "orient_err": 0.9954923723224187,
    "vel_err": 1.0,
    "attr_err": 1.0
  },
  "nd_score": 0.6909917917012285,
  "eval_time": null,
  "cfg": {
    "class_range": {
      "car": 50,
      "truck": 50,
      "bus": 50,
      "trailer": 50,
      "construction_vehicle": 50,
      "pedestrian": 40,
      "motorcycle": 40,
      "bicycle": 40,
      "traffic_cone": 30,
      "barrier": 30
    },
    "dist_fcn": "center_distance",
    "dist_ths": [
      0.5,
      1.0,
      2.0,
      4.0
    ],
    "dist_th_tp": 2.0,
    "min_recall": 0.1,
    "min_precision": 0.1,
    "max_boxes_per_sample": 500,
    "mean_ap_weight": 5
  },
  "meta": {
    "use_lidar": true,
    "use_camera": false,
    "use_radar": false,
    "use_map": false,
    "use_external": false
  }
}