{
  "label_aps": {
    "car": {
      "2.0": 0.6666067019400351
    },
    "truck": {
      "2.0": 1.0000000000000004
    },
    "bus": {
      "2.0": 0.0
    },
    "trailer": {
      "2.0": 0.0
    },
    "construction_vehicle": {
      "2.0": 1.0000000000000004
    },
    "pedestrian": {
      "2.0": 0.9950617283950619
    },
    "motorcycle": {
      "2.0": 0.0
    },
    "bicycle": {
      "2.0": 1.0000000000000004
    },
    "traffic_cone": {
      "2.0": 0.42427606485340685
    },
    "barrier": {
      "2.0": 0.007671957671957666
    }
  },
  "label_aps_crit": {
    "car": {
      "2.0": 0.6666067019400351
    },
    "truck": {
      "2.0": 1.0000000000000004
    },
    "bus": {
      "2.0": 0.0
    },
    "trailer": {
      "2.0": 0.0
    },
    "construction_vehicle": {
      "2.0": 1.0000000000000004
    },
    "pedestrian": {
      "2.0": 0.9950617283950619
    },
    "motorcycle": {
      "2.0": 0.0
    },
    "bicycle": {
      "2.0": 1.0000000000000004
    },
    "traffic_cone": {
      "2.0": 0.42427606485340685
    },
    "barrier": {
      "2.0": 0.007671957671957666
    }
  },
  "mean_dist_aps": {
    "car": 0.6666067019400351,
    "truck": 1.0000000000000004,
    "bus": 0.0,
    "trailer": 0.0,
    "construction_vehicle": 1.0000000000000004,
    "pedestrian": 0.9950617283950619,
    "motorcycle": 0.0,
    "bicycle": 1.0000000000000004,
    "traffic_cone": 0.42427606485340685,
    "barrier": 0.007671957671957666
  },
  "mean_ap": 0.5093616452860463,
  "mean_ap_crit": 0.44578174512620167,
  "label_tp_errors": {
    "barrier": {
      "trans_err": 1.2777936057280532,
      "scale_err": 0.5120723564447953,
      "orient_err": 0.03088150228767006,
      "vel_err": NaN,
      "attr_err": NaN
    },
    "car": {
      "trans_err": 0.0,
      "scale_err": 0.0,
      "orient_err": 0.0,
      "vel_err": 0.0,
      "attr_err": 0.0
    },
    "truck": {
      "trans_err": 0.0,
      "scale_err": 0.0,
      "orient_err": 0.0,
      "vel_err": 0.0,
      "attr_err": 0.0
    },
    "bus": {
      "trans_err": 0.0,
      "scale_err": 0.0,
      "orient_err": 0.0,
      "vel_err": 0.0,
      "attr_err": 0.0
    },
    "trailer": {
      "trans_err": 0.0,
      "scale_err": 0.0,
      "orient_err": 0.0,
      "vel_err": 0.0,
      "attr_err": 0.0
    },
    "construction_vehicle": {
      "trans_err": 0.0,
      "scale_err": 0.0,
      "orient_err": 0.0,
      "vel_err": 0.0,
      "attr_err": 0.0
    },
    "pedestrian": {
      "trans_err": 0.0,
      "scale_err": 0.0,
      "orient_err": 0.0,
      "vel_err": 0.0,
      "attr_err": 0.0
    },
    "motorcycle": {
      "trans_err": 0.0,
      "scale_err": 0.0,
      "orient_err": 0.0,
      "vel_err": 0.0,
      "attr_err": 0.0
    },
    "bicycle": {
      "trans_err": 0.0,
      "scale_err": 0.0,
      "orient_err": 0.0,
      "vel_err": 0.0,
      "attr_err": 0.0
    },
    "traffic_cone": {
      "trans_err": 0.0,
      "scale_err": 0.0,
      "orient_err": 0.0,
      "vel_err": 0.0,
      "attr_err": 0.0
    }
  },
  "tp_errors": {
    "trans_err": 0.1277793605728053,
    "scale_err": 0.05120723564447953,
    "orient_err": 0.0030881502287670058,
    "vel_err": 0.0,
    "attr_err": 0.0
  },
  "tp_scores": {
    "trans_err": 0.8722206394271947,
    "scale_err": 0.9487927643555205,
    "orient_err": 0.996911849771233,
    "vel_err": 1.0,
    "attr_err": 1.0
  },
  "nd_score": 0.736473347998418,
  "eval_time": null,
  "cfg": {
    "class_range": {
      "car": 50,
      "truck": 50,
      "bus": 50,
      "trailer": 50,
      "construction_vehicle": 50,
      "pedestrian": 40,
      "motorcycle": 40,
      "bicycle": 40,
      "traffic_cone": 30,
      "barrier": 30
    },
    "dist_fcn": "center_distance",
    "dist_ths": [
      0.5,
      1.0,
      2.0,
      4.0
    ],
    "dist_th_tp": 2.0,
    "min_recall": 0.1,
    "min_precision": 0.1,
    "max_boxes_per_sample": 500,
    "mean_ap_weight": 5
  },
  "meta": {
    "use_lidar": true,
    "use_camera": false,
    "use_radar": false,
    "use_map": false,
    "use_external": false
  }
}