{
  "label_aps": {
    "car": {
      "2.0": 0.8276666666666668
    },
    "truck": {
      "2.0": 0.9888888888888892
    },
    "bus": {
      "2.0": 0.990740740740741
    },
    "trailer": {
      "2.0": 0.0
    },
    "construction_vehicle": {
      "2.0": 0.9901234567901236
    },
    "pedestrian": {
      "2.0": 0.6299343796939376
    },
    "motorcycle": {
      "2.0": 0.0
    },
    "bicycle": {
      "2.0": 0.0
    },
    "traffic_cone": {
      "2.0": 0.7687242798353912
    },
    "barrier": {
      "2.0": 0.9668118025998378
    }
  },
  "label_aps_crit": {
    "car": {
      "2.0": 0.8276666666666668
    },
    "truck": {
      "2.0": 0.9888888888888892
    },
    "bus": {
      "2.0": 0.990740740740741
    },
    "trailer": {
      "2.0": 0.0
    },
    "construction_vehicle": {
      "2.0": 0.9901234567901236
    },
    "pedestrian": {
      "2.0": 0.6299343796939376
    },
    "motorcycle": {
      "2.0": 0.0
    },
    "bicycle": {
      "2.0": 0.0
    },
    "traffic_cone": {
      "2.0": 0.7687242798353912
    },
    "barrier": {
      "2.0": 0.9668118025998378
    }
  },
  "mean_dist_aps": {
    "car": 0.8276666666666668,
    "truck": 0.9888888888888892,
    "bus": 0.990740740740741,
    "trailer": 0.0,
    "construction_vehicle": 0.9901234567901236,
    "pedestrian": 0.6299343796939376,
    "motorcycle": 0.0,
    "bicycle": 0.0,
    "traffic_cone": 0.7687242798353912,
    "barrier": 0.9668118025998378
  },
  "mean_ap": 0.6162890215215587,
  "mean_ap_crit": 0.5303148358422971,
  "label_tp_errors": {
    "barrier": {
      "trans_err": 0.3512289923614967,
      "scale_err": 0.16485608483139533,
      "orient_err": 0.06284624548742275,
      "vel_err": NaN,
      "attr_err": NaN
    },
    "car": {
      "trans_err": 0.0,
      "scale_err": 0.0,
      "orient_err": 0.0,
      "vel_err": 0.0,
      "attr_err": 0.0
    },
    "truck": {
      "trans_err": 0.0,
      "scale_err": 0.0,
      "orient_err": 0.0,
      "vel_err": 0.0,
      "attr_err": 0.0
    },
    "bus": {
      "trans_err": 0.0,
      "scale_err": 0.0,
      "orient_err": 0.0,
      "vel_err": 0.0,
      "attr_err": 0.0
    },
    "trailer": {
      "trans_err": 0.0,
      "scale_err": 0.0,
      "orient_err": 0.0,
      "vel_err": 0.0,
      "attr_err": 0.0
    },
    "construction_vehicle": {
      "trans_err": 0.0,
      "scale_err": 0.0,
      "orient_err": 0.0,
      "vel_err": 0.0,
      "attr_err": 0.0
    },
    "pedestrian": {
      "trans_err": 0.0,
      "scale_err": 0.0,
      "orient_err": 0.0,
      "vel_err": 0.0,
      "attr_err": 0.0
    },
    "motorcycle": {
      "trans_err": 0.0,
      "scale_err": 0.0,
      "orient_err": 0.0,
      "vel_err": 0.0,
      "attr_err": 0.0
    },
    "bicycle": {
      "trans_err": 0.0,
      "scale_err": 0.0,
      "orient_err": 0.0,
      "vel_err": 0.0,
      "attr_err": 0.0
    },
    "traffic_cone": {
      "trans_err": 0.0,
      "scale_err": 0.0,
      "orient_err": 0.0,
      "vel_err": 0.0,
      "attr_err": 0.0
    }
  },
  "tp_errors": {
    "trans_err": 0.03512289923614967,
    "scale_err": 0.016485608483139534,
    "orient_err": 0.006284624548742275,
    "vel_err": 0.0,
    "attr_err": 0.0
  },
  "tp_scores": {
    "trans_err": 0.9648771007638504,
    "scale_err": 0.9835143915168605,
    "orient_err": 0.9937153754512578,
    "vel_err": 1.0,
    "attr_err": 1.0
  },
  "nd_score": 0.8023551975339762,
  "eval_time": null,
  "cfg": {
    "class_range": {
      "car": 50,
      "truck": 50,
      "bus": 50,
      "trailer": 50,
      "construction_vehicle": 50,
      "pedestrian": 40,
      "motorcycle": 40,
      "bicycle": 40,
      "traffic_cone": 30,
      "barrier": 30
    },
    "dist_fcn": "center_distance",
    "dist_ths": [
      0.5,
      1.0,
      2.0,
      4.0
    ],
    "dist_th_tp": 2.0,
    "min_recall": 0.1,
    "min_precision": 0.1,
    "max_boxes_per_sample": 500,
    "mean_ap_weight": 5
  },
  "meta": {
    "use_lidar": true,
    "use_camera": false,
    "use_radar": false,
    "use_map": false,
    "use_external": false
  }
}