{
  "label_aps": {
    "car": {
      "2.0": 0.8666666666666668
    },
    "truck": {
      "2.0": 0.4345679012345679
    },
    "bus": {
      "2.0": 0.0
    },
    "trailer": {
      "2.0": 0.0
    },
    "construction_vehicle": {
      "2.0": 0.43621399176954734
    },
    "pedestrian": {
      "2.0": 0.36887948265726045
    },
    "motorcycle": {
      "2.0": 0.0
    },
    "bicycle": {
      "2.0": 0.10123456790123456
    },
    "traffic_cone": {
      "2.0": 0.5170123456790123
    },
    "barrier": {
      "2.0": 0.7984110621888401
    }
  },
  "label_aps_crit": {
    "car": {
      "2.0": 0.8666666666666668
    },
    "truck": {
      "2.0": 0.4345679012345679
    },
    "bus": {
      "2.0": 0.0
    },
    "trailer": {
      "2.0": 0.0
    },
    "construction_vehicle": {
      "2.0": 0.43621399176954734
    },
    "pedestrian": {
      "2.0": 0.36887948265726045
    },
    "motorcycle": {
      "2.0": 0.0
    },
    "bicycle": {
      "2.0": 0.10123456790123456
    },
    "traffic_cone": {
      "2.0": 0.5170123456790123
    },
    "barrier": {
      "2.0": 0.7984110621888401
    }
  },
  "mean_dist_aps": {
    "car": 0.8666666666666668,
    "truck": 0.4345679012345679,
    "bus": 0.0,
    "trailer": 0.0,
    "construction_vehicle": 0.43621399176954734,
    "pedestrian": 0.36887948265726045,
    "motorcycle": 0.0,
    "bicycle": 0.10123456790123456,
    "traffic_cone": 0.5170123456790123,
    "barrier": 0.7984110621888401
  },
  "mean_ap": 0.35229860180971295,
  "mean_ap_crit": 0.3554220638414655,
  "label_tp_errors": {
    "barrier": {
      "trans_err": 0.5018996367862687,
      "scale_err": 0.2262174080555991,
      "orient_err": 0.028369808088375748,
      "vel_err": NaN,
      "attr_err": NaN
    },
    "car": {
      "trans_err": 0.0,
      "scale_err": 0.0,
      "orient_err": 0.0,
      "vel_err": 0.0,
      "attr_err": 0.0
    },
    "truck": {
      "trans_err": 0.0,
      "scale_err": 0.0,
      "orient_err": 0.0,
      "vel_err": 0.0,
      "attr_err": 0.0
    },
    "bus": {
      "trans_err": 0.0,
      "scale_err": 0.0,
      "orient_err": 0.0,
      "vel_err": 0.0,
      "attr_err": 0.0
    },
    "trailer": {
      "trans_err": 0.0,
      "scale_err": 0.0,
      "orient_err": 0.0,
      "vel_err": 0.0,
      "attr_err": 0.0
    },
    "construction_vehicle": {
      "trans_err": 0.0,
      "scale_err": 0.0,
      "orient_err": 0.0,
      "vel_err": 0.0,
      "attr_err": 0.0
    },
    "pedestrian": {
      "trans_err": 0.0,
      "scale_err": 0.0,
      "orient_err": 0.0,
      "vel_err": 0.0,
      "attr_err": 0.0
    },
    "motorcycle": {
      "trans_err": 0.0,
      "scale_err": 0.0,
      "orient_err": 0.0,
      "vel_err": 0.0,
      "attr_err": 0.0
    },
    "bicycle": {
      "trans_err": 0.0,
      "scale_err": 0.0,
      "orient_err": 0.0,
      "vel_err": 0.0,
      "attr_err": 0.0
    },
    "traffic_cone": {
      "trans_err": 0.0,
      "scale_err": 0.0,
      "orient_err": 0.0,
      "vel_err": 0.0,
      "attr_err": 0.0
    }
  },
  "tp_errors": {
    "trans_err": 0.05018996367862687,
    "scale_err": 0.02262174080555991,
    "orient_err": 0.002836980808837575,
    "vel_err": 0.0,
    "attr_err": 0.0
  },
  "tp_scores": {
    "trans_err": 0.9498100363213732,
    "scale_err": 0.9773782591944401,
    "orient_err": 0.9971630191911625,
    "vel_err": 1.0,
    "attr_err": 1.0
  },
  "nd_score": 0.6685844323755541,
  "eval_time": null,
  "cfg": {
    "class_range": {
      "car": 50,
      "truck": 50,
      "bus": 50,
      "trailer": 50,
      "construction_vehicle": 50,
      "pedestrian": 40,
      "motorcycle": 40,
      "bicycle": 40,
      "traffic_cone": 30,
      "barrier": 30
    },
    "dist_fcn": "center_distance",
    "dist_ths": [
      0.5,
      1.0,
      2.0,
      4.0
    ],
    "dist_th_tp": 2.0,
    "min_recall": 0.1,
    "min_precision": 0.1,
    "max_boxes_per_sample": 500,
    "mean_ap_weight": 5
  },
  "meta": {
    "use_lidar": true,
    "use_camera": false,
    "use_radar": false,
    "use_map": false,
    "use_external": false
  }
}