{
  "label_aps": {
    "car": {
      "2.0": 0.5482469135802469
    },
    "truck": {
      "2.0": 1.0000000000000004
    },
    "bus": {
      "2.0": 0.0
    },
    "trailer": {
      "2.0": 0.0
    },
    "construction_vehicle": {
      "2.0": 1.0000000000000004
    },
    "pedestrian": {
      "2.0": 0.7343621399176955
    },
    "motorcycle": {
      "2.0": 0.0
    },
    "bicycle": {
      "2.0": 0.0
    },
    "traffic_cone": {
      "2.0": 0.4925723124007438
    },
    "barrier": {
      "2.0": 0.016049382716049377
    }
  },
  "label_aps_crit": {
    "car": {
      "2.0": 0.5482469135802469
    },
    "truck": {
      "2.0": 1.0000000000000004
    },
    "bus": {
      "2.0": 0.0
    },
    "trailer": {
      "2.0": 0.0
    },
    "construction_vehicle": {
      "2.0": 1.0000000000000004
    },
    "pedestrian": {
      "2.0": 0.7343621399176955
    },
    "motorcycle": {
      "2.0": 0.0
    },
    "bicycle": {
      "2.0": 0.0
    },
    "traffic_cone": {
      "2.0": 0.4925723124007438
    },
    "barrier": {
      "2.0": 0.016049382716049377
    }
  },
  "mean_dist_aps": {
    "car": 0.5482469135802469,
    "truck": 1.0000000000000004,
    "bus": 0.0,
    "trailer": 0.0,
    "construction_vehicle": 1.0000000000000004,
    "pedestrian": 0.7343621399176955,
    "motorcycle": 0.0,
    "bicycle": 0.0,
    "traffic_cone": 0.4925723124007438,
    "barrier": 0.016049382716049377
  },
  "mean_ap": 0.3791230748614737,
  "mean_ap_crit": 0.4058808692404031,
  "label_tp_errors": {
    "barrier": {
      "trans_err": 0.9122970981719299,
      "scale_err": 0.5040047842508999,
      "orient_err": 0.00029356812688607903,
      "vel_err": NaN,
      "attr_err": NaN
    },
    "car": {
      "trans_err": 0.0,
      "scale_err": 0.0,
      "orient_err": 0.0,
      "vel_err": 0.0,
      "attr_err": 0.0
    },
    "truck": {
      "trans_err": 0.0,
      "scale_err": 0.0,
      "orient_err": 0.0,
      "vel_err": 0.0,
      "attr_err": 0.0
    },
    "bus": {
      "trans_err": 0.0,
      "scale_err": 0.0,
      "orient_err": 0.0,
      "vel_err": 0.0,
      "attr_err": 0.0
    },
    "trailer": {
      "trans_err": 0.0,
      "scale_err": 0.0,
      "orient_err": 0.0,
      "vel_err": 0.0,
      "attr_err": 0.0
    },
    "construction_vehicle": {
      "trans_err": 0.0,
      "scale_err": 0.0,
      "orient_err": 0.0,
      "vel_err": 0.0,
      "attr_err": 0.0
    },
    "pedestrian": {
      "trans_err": 0.0,
      "scale_err": 0.0,
      "orient_err": 0.0,
      "vel_err": 0.0,
      "attr_err": 0.0
    },
    "motorcycle": {
      "trans_err": 0.0,
      "scale_err": 0.0,
      "orient_err": 0.0,
      "vel_err": 0.0,
      "attr_err": 0.0
    },
    "bicycle": {
      "trans_err": 0.0,
      "scale_err": 0.0,
      "orient_err": 0.0,
      "vel_err": 0.0,
      "attr_err": 0.0
    },
    "traffic_cone": {
      "trans_err": 0.0,
      "scale_err": 0.0,
      "orient_err": 0.0,
      "vel_err": 0.0,
      "attr_err": 0.0
    }
  },
  "tp_errors": {
    "trans_err": 0.091229709817193,
    "scale_err": 0.05040047842508999,
    "orient_err": 2.9356812688607902e-05,
    "vel_err": 0.0,
    "attr_err": 0.0
  },
  "tp_scores": {
    "trans_err": 0.908770290182807,
    "scale_err": 0.94959952157491,
    "orient_err": 0.9999706431873114,
    "vel_err": 1.0,
    "attr_err": 1.0
  },
  "nd_score": 0.6753955829252397,
  "eval_time": null,
  "cfg": {
    "class_range": {
      "car": 50,
      "truck": 50,
      "bus": 50,
      "trailer": 50,
      "construction_vehicle": 50,
      "pedestrian": 40,
      "motorcycle": 40,
      "bicycle": 40,
      "traffic_cone": 30,
      "barrier": 30
    },
    "dist_fcn": "center_distance",
    "dist_ths": [
      0.5,
      1.0,
      2.0,
      4.0
    ],
    "dist_th_tp": 2.0,
    "min_recall": 0.1,
    "min_precision": 0.1,
    "max_boxes_per_sample": 500,
    "mean_ap_weight": 5
  },
  "meta": {
    "use_lidar": true,
    "use_camera": false,
    "use_radar": false,
    "use_map": false,
    "use_external": false
  }
}