{
  "label_aps": {
    "car": {
      "2.0": 0.7999171207788304
    },
    "truck": {
      "2.0": 0.7391769547325103
    },
    "bus": {
      "2.0": 0.0
    },
    "trailer": {
      "2.0": 0.9938271604938275
    },
    "construction_vehicle": {
      "2.0": 0.0
    },
    "pedestrian": {
      "2.0": 0.9917695473251031
    },
    "motorcycle": {
      "2.0": 0.4444444444444445
    },
    "bicycle": {
      "2.0": 0.0
    },
    "traffic_cone": {
      "2.0": 0.07742798353909465
    },
    "barrier": {
      "2.0": 0.6935879985825519
    }
  },
  "label_aps_crit": {
    "car": {
      "2.0": 0.7999171207788304
    },
    "truck": {
      "2.0": 0.7391769547325103
    },
    "bus": {
      "2.0": 0.0
    },
    "trailer": {
      "2.0": 0.9938271604938275
    },
    "construction_vehicle": {
      "2.0": 0.0
    },
    "pedestrian": {
      "2.0": 0.9917695473251031
    },
    "motorcycle": {
      "2.0": 0.4444444444444445
    },
    "bicycle": {
      "2.0": 0.0
    },
    "traffic_cone": {
      "2.0": 0.07742798353909465
    },
    "barrier": {
      "2.0": 0.6935879985825519
    }
  },
  "mean_dist_aps": {
    "car": 0.7999171207788304,
    "truck": 0.7391769547325103,
    "bus": 0.0,
    "trailer": 0.9938271604938275,
    "construction_vehicle": 0.0,
    "pedestrian": 0.9917695473251031,
    "motorcycle": 0.4444444444444445,
    "bicycle": 0.0,
    "traffic_cone": 0.07742798353909465,
    "barrier": 0.6935879985825519
  },
  "mean_ap": 0.4740151209896363,
  "mean_ap_crit": 0.4986762878169177,
  "label_tp_errors": {
    "barrier": {
      "trans_err": 0.33360894318850415,
      "scale_err": 0.26990097572558397,
      "orient_err": 0.03058405340944583,
      "vel_err": NaN,
      "attr_err": NaN
    },
    "car": {
      "trans_err": 0.0,
      "scale_err": 0.0,
      "orient_err": 0.0,
      "vel_err": 0.0,
      "attr_err": 0.0
    },
    "truck": {
      "trans_err": 0.0,
      "scale_err": 0.0,
      "orient_err": 0.0,
      "vel_err": 0.0,
      "attr_err": 0.0
    },
    "bus": {
      "trans_err": 0.0,
      "scale_err": 0.0,
      "orient_err": 0.0,
      "vel_err": 0.0,
      "attr_err": 0.0
    },
    "trailer": {
      "trans_err": 0.0,
      "scale_err": 0.0,
      "orient_err": 0.0,
      "vel_err": 0.0,
      "attr_err": 0.0
    },
    "construction_vehicle": {
      "trans_err": 0.0,
      "scale_err": 0.0,
      "orient_err": 0.0,
      "vel_err": 0.0,
      "attr_err": 0.0
    },
    "pedestrian": {
      "trans_err": 0.0,
      "scale_err": 0.0,
      "orient_err": 0.0,
      "vel_err": 0.0,
      "attr_err": 0.0
    },
    "motorcycle": {
      "trans_err": 0.0,
      "scale_err": 0.0,
      "orient_err": 0.0,
      "vel_err": 0.0,
      "attr_err": 0.0
    },
    "bicycle": {
      "trans_err": 0.0,
      "scale_err": 0.0,
      "orient_err": 0.0,
      "vel_err": 0.0,
      "attr_err": 0.0
    },
    "traffic_cone": {
      "trans_err": 0.0,
      "scale_err": 0.0,
      "orient_err": 0.0,
      "vel_err": 0.0,
      "attr_err": 0.0
    }
  },
  "tp_errors": {
    "trans_err": 0.03336089431885041,
    "scale_err": 0.026990097572558398,
    "orient_err": 0.003058405340944583,
    "vel_err": 0.0,
    "attr_err": 0.0
  },
  "tp_scores": {
    "trans_err": 0.9666391056811496,
    "scale_err": 0.9730099024274416,
    "orient_err": 0.9969415946590554,
    "vel_err": 1.0,
    "attr_err": 1.0
  },
  "nd_score": 0.7306666207715827,
  "eval_time": null,
  "cfg": {
    "class_range": {
      "car": 50,
      "truck": 50,
      "bus": 50,
      "trailer": 50,
      "construction_vehicle": 50,
      "pedestrian": 40,
      "motorcycle": 40,
      "bicycle": 40,
      "traffic_cone": 30,
      "barrier": 30
    },
    "dist_fcn": "center_distance",
    "dist_ths": [
      0.5,
      1.0,
      2.0,
      4.0
    ],
    "dist_th_tp": 2.0,
    "min_recall": 0.1,
    "min_precision": 0.1,
    "max_boxes_per_sample": 500,
    "mean_ap_weight": 5
  },
  "meta": {
    "use_lidar": true,
    "use_camera": false,
    "use_radar": false,
    "use_map": false,
    "use_external": false
  }
}