{
  "label_aps": {
    "car": {
      "2.0": 0.5473251028806585
    },
    "truck": {
      "2.0": 0.0
    },
    "bus": {
      "2.0": 1.0000000000000004
    },
    "trailer": {
      "2.0": 0.0
    },
    "construction_vehicle": {
      "2.0": 1.0000000000000004
    },
    "pedestrian": {
      "2.0": 0.0
    },
    "motorcycle": {
      "2.0": 0.0
    },
    "bicycle": {
      "2.0": 0.0
    },
    "traffic_cone": {
      "2.0": 0.5
    },
    "barrier": {
      "2.0": 0.06666666666666667
    }
  },
  "label_aps_crit": {
    "car": {
      "2.0": 0.5473251028806585
    },
    "truck": {
      "2.0": 0.0
    },
    "bus": {
      "2.0": 1.0000000000000004
    },
    "trailer": {
      "2.0": 0.0
    },
    "construction_vehicle": {
      "2.0": 1.0000000000000004
    },
    "pedestrian": {
      "2.0": 0.0
    },
    "motorcycle": {
      "2.0": 0.0
    },
    "bicycle": {
      "2.0": 0.0
    },
    "traffic_cone": {
      "2.0": 0.5
    },
    "barrier": {
      "2.0": 0.06666666666666667
    }
  },
  "mean_dist_aps": {
    "car": 0.5473251028806585,
    "truck": 0.0,
    "bus": 1.0000000000000004,
    "trailer": 0.0,
    "construction_vehicle": 1.0000000000000004,
    "pedestrian": 0.0,
    "motorcycle": 0.0,
    "bicycle": 0.0,
    "traffic_cone": 0.5,
    "barrier": 0.06666666666666667
  },
  "mean_ap": 0.3113991769547326,
  "mean_ap_crit": 0.35245846267500686,
  "label_tp_errors": {
    "barrier": {
      "trans_err": 0.4516402048698546,
      "scale_err": 0.24543907159879694,
      "orient_err": 0.06515185794775213,
      "vel_err": NaN,
      "attr_err": NaN
    },
    "car": {
      "trans_err": 0.0,
      "scale_err": 0.0,
      "orient_err": 0.0,
      "vel_err": 0.0,
      "attr_err": 0.0
    },
    "truck": {
      "trans_err": 0.0,
      "scale_err": 0.0,
      "orient_err": 0.0,
      "vel_err": 0.0,
      "attr_err": 0.0
    },
    "bus": {
      "trans_err": 0.0,
      "scale_err": 0.0,
      "orient_err": 0.0,
      "vel_err": 0.0,
      "attr_err": 0.0
    },
    "trailer": {
      "trans_err": 0.0,
      "scale_err": 0.0,
      "orient_err": 0.0,
      "vel_err": 0.0,
      "attr_err": 0.0
    },
    "construction_vehicle": {
      "trans_err": 0.0,
      "scale_err": 0.0,
      "orient_err": 0.0,
      "vel_err": 0.0,
      "attr_err": 0.0
    },
    "pedestrian": {
      "trans_err": 0.0,
      "scale_err": 0.0,
      "orient_err": 0.0,
      "vel_err": 0.0,
      "attr_err": 0.0
    },
    "motorcycle": {
      "trans_err": 0.0,
      "scale_err": 0.0,
      "orient_err": 0.0,
      "vel_err": 0.0,
      "attr_err": 0.0
    },
    "bicycle": {
      "trans_err": 0.0,
      "scale_err": 0.0,
      "orient_err": 0.0,
      "vel_err": 0.0,
      "attr_err": 0.0
    },
    "traffic_cone": {
      "trans_err": 0.0,
      "scale_err": 0.0,
      "orient_err": 0.0,
      "vel_err": 0.0,
      "attr_err": 0.0
    }
  },
  "tp_errors": {
    "trans_err": 0.045164020486985465,
    "scale_err": 0.024543907159879693,
    "orient_err": 0.006515185794775213,
    "vel_err": 0.0,
    "attr_err": 0.0
  },
  "tp_scores": {
    "trans_err": 0.9548359795130146,
    "scale_err": 0.9754560928401204,
    "orient_err": 0.9934848142052248,
    "vel_err": 1.0,
    "attr_err": 1.0
  },
  "nd_score": 0.6480772771332022,
  "eval_time": null,
  "cfg": {
    "class_range": {
      "car": 50,
      "truck": 50,
      "bus": 50,
      "trailer": 50,
      "construction_vehicle": 50,
      "pedestrian": 40,
      "motorcycle": 40,
      "bicycle": 40,
      "traffic_cone": 30,
      "barrier": 30
    },
    "dist_fcn": "center_distance",
    "dist_ths": [
      0.5,
      1.0,
      2.0,
      4.0
    ],
    "dist_th_tp": 2.0,
    "min_recall": 0.1,
    "min_precision": 0.1,
    "max_boxes_per_sample": 500,
    "mean_ap_weight": 5
  },
  "meta": {
    "use_lidar": true,
    "use_camera": false,
    "use_radar": false,
    "use_map": false,
    "use_external": false
  }
}