{
  "label_aps": {
    "car": {
      "2.0": 0.7080979514312848
    },
    "truck": {
      "2.0": 0.9917695473251031
    },
    "bus": {
      "2.0": 0.0
    },
    "trailer": {
      "2.0": 0.9938271604938275
    },
    "construction_vehicle": {
      "2.0": 0.0
    },
    "pedestrian": {
      "2.0": 1.0000000000000004
    },
    "motorcycle": {
      "2.0": 0.0
    },
    "bicycle": {
      "2.0": 0.0
    },
    "traffic_cone": {
      "2.0": 0.16255144032921812
    },
    "barrier": {
      "2.0": 0.5237109940813645
    }
  },
  "label_aps_crit": {
    "car": {
      "2.0": 0.7080979514312848
    },
    "truck": {
      "2.0": 0.9917695473251031
    },
    "bus": {
      "2.0": 0.0
    },
    "trailer": {
      "2.0": 0.9938271604938275
    },
    "construction_vehicle": {
      "2.0": 0.0
    },
    "pedestrian": {
      "2.0": 1.0000000000000004
    },
    "motorcycle": {
      "2.0": 0.0
    },
    "bicycle": {
      "2.0": 0.0
    },
    "traffic_cone": {
      "2.0": 0.16255144032921812
    },
    "barrier": {
      "2.0": 0.5237109940813645
    }
  },
  "mean_dist_aps": {
    "car": 0.7080979514312848,
    "truck": 0.9917695473251031,
    "bus": 0.0,
    "trailer": 0.9938271604938275,
    "construction_vehicle": 0.0,
    "pedestrian": 1.0000000000000004,
    "motorcycle": 0.0,
    "bicycle": 0.0,
    "traffic_cone": 0.16255144032921812,
    "barrier": 0.5237109940813645
  },
  "mean_ap": 0.43799570936607984,
  "mean_ap_crit": NaN,
  "label_tp_errors": {
    "barrier": {
      "trans_err": 0.3236016536000877,
      "scale_err": 0.12897833008106588,
      "orient_err": 0.014700700121491633,
      "vel_err": NaN,
      "attr_err": NaN
    },
    "car": {
      "trans_err": 0.0,
      "scale_err": 0.0,
      "orient_err": 0.0,
      "vel_err": 0.0,
      "attr_err": 0.0
    },
    "truck": {
      "trans_err": 0.0,
      "scale_err": 0.0,
      "orient_err": 0.0,
      "vel_err": 0.0,
      "attr_err": 0.0
    },
    "bus": {
      "trans_err": 0.0,
      "scale_err": 0.0,
      "orient_err": 0.0,
      "vel_err": 0.0,
      "attr_err": 0.0
    },
    "trailer": {
      "trans_err": 0.0,
      "scale_err": 0.0,
      "orient_err": 0.0,
      "vel_err": 0.0,
      "attr_err": 0.0
    },
    "construction_vehicle": {
      "trans_err": 0.0,
      "scale_err": 0.0,
      "orient_err": 0.0,
      "vel_err": 0.0,
      "attr_err": 0.0
    },
    "pedestrian": {
      "trans_err": 0.0,
      "scale_err": 0.0,
      "orient_err": 0.0,
      "vel_err": 0.0,
      "attr_err": 0.0
    },
    "motorcycle": {
      "trans_err": 0.0,
      "scale_err": 0.0,
      "orient_err": 0.0,
      "vel_err": 0.0,
      "attr_err": 0.0
    },
    "bicycle": {
      "trans_err": 0.0,
      "scale_err": 0.0,
      "orient_err": 0.0,
      "vel_err": 0.0,
      "attr_err": 0.0
    },
    "traffic_cone": {
      "trans_err": 0.0,
      "scale_err": 0.0,
      "orient_err": 0.0,
      "vel_err": 0.0,
      "attr_err": 0.0
    }
  },
  "tp_errors": {
    "trans_err": 0.03236016536000877,
    "scale_err": 0.012897833008106587,
    "orient_err": 0.0014700700121491634,
    "vel_err": 0.0,
    "attr_err": 0.0
  },
  "tp_scores": {
    "trans_err": 0.9676398346399913,
    "scale_err": 0.9871021669918935,
    "orient_err": 0.9985299299878508,
    "vel_err": 1.0,
    "attr_err": 1.0
  },
  "nd_score": 0.7143250478450135,
  "eval_time": null,
  "cfg": {
    "class_range": {
      "car": 50,
      "truck": 50,
      "bus": 50,
      "trailer": 50,
      "construction_vehicle": 50,
      "pedestrian": 40,
      "motorcycle": 40,
      "bicycle": 40,
      "traffic_cone": 30,
      "barrier": 30
    },
    "dist_fcn": "center_distance",
    "dist_ths": [
      0.5,
      1.0,
      2.0,
      4.0
    ],
    "dist_th_tp": 2.0,
    "min_recall": 0.1,
    "min_precision": 0.1,
    "max_boxes_per_sample": 500,
    "mean_ap_weight": 5
  },
  "meta": {
    "use_lidar": true,
    "use_camera": false,
    "use_radar": false,
    "use_map": false,
    "use_external": false
  }
}