{
  "label_aps": {
    "car": {
      "2.0": 0.43364197530864196
    },
    "truck": {
      "2.0": 1.0000000000000004
    },
    "bus": {
      "2.0": 0.9938271604938275
    },
    "trailer": {
      "2.0": 0.43827160493827155
    },
    "construction_vehicle": {
      "2.0": 0.0
    },
    "pedestrian": {
      "2.0": 0.9399647266313933
    },
    "motorcycle": {
      "2.0": 0.0
    },
    "bicycle": {
      "2.0": 0.0
    },
    "traffic_cone": {
      "2.0": 0.022222222222222223
    },
    "barrier": {
      "2.0": 0.3834197530864198
    }
  },
  "label_aps_crit": {
    "car": {
      "2.0": 0.43364197530864196
    },
    "truck": {
      "2.0": 1.0000000000000004
    },
    "bus": {
      "2.0": 0.9938271604938275
    },
    "trailer": {
      "2.0": 0.43827160493827155
    },
    "construction_vehicle": {
      "2.0": 0.0
    },
    "pedestrian": {
      "2.0": 0.9399647266313933
    },
    "motorcycle": {
      "2.0": 0.0
    },
    "bicycle": {
      "2.0": 0.0
    },
    "traffic_cone": {
      "2.0": 0.022222222222222223
    },
    "barrier": {
      "2.0": 0.3834197530864198
    }
  },
  "mean_dist_aps": {
    "car": 0.43364197530864196,
    "truck": 1.0000000000000004,
    "bus": 0.9938271604938275,
    "trailer": 0.43827160493827155,
    "construction_vehicle": 0.0,
    "pedestrian": 0.9399647266313933,
    "motorcycle": 0.0,
    "bicycle": 0.0,
    "traffic_cone": 0.022222222222222223,
    "barrier": 0.3834197530864198
  },
  "mean_ap": 0.4211347442680776,
  "mean_ap_crit": 0.4141891957307894,
  "label_tp_errors": {
    "barrier": {
      "trans_err": 0.3296496818913332,
      "scale_err": 0.3740731490835216,
      "orient_err": 0.01753083730097745,
      "vel_err": NaN,
      "attr_err": NaN
    },
    "car": {
      "trans_err": 0.0,
      "scale_err": 0.0,
      "orient_err": 0.0,
      "vel_err": 0.0,
      "attr_err": 0.0
    },
    "truck": {
      "trans_err": 0.0,
      "scale_err": 0.0,
      "orient_err": 0.0,
      "vel_err": 0.0,
      "attr_err": 0.0
    },
    "bus": {
      "trans_err": 0.0,
      "scale_err": 0.0,
      "orient_err": 0.0,
      "vel_err": 0.0,
      "attr_err": 0.0
    },
    "trailer": {
      "trans_err": 0.0,
      "scale_err": 0.0,
      "orient_err": 0.0,
      "vel_err": 0.0,
      "attr_err": 0.0
    },
    "construction_vehicle": {
      "trans_err": 0.0,
      "scale_err": 0.0,
      "orient_err": 0.0,
      "vel_err": 0.0,
      "attr_err": 0.0
    },
    "pedestrian": {
      "trans_err": 0.0,
      "scale_err": 0.0,
      "orient_err": 0.0,
      "vel_err": 0.0,
      "attr_err": 0.0
    },
    "motorcycle": {
      "trans_err": 0.0,
      "scale_err": 0.0,
      "orient_err": 0.0,
      "vel_err": 0.0,
      "attr_err": 0.0
    },
    "bicycle": {
      "trans_err": 0.0,
      "scale_err": 0.0,
      "orient_err": 0.0,
      "vel_err": 0.0,
      "attr_err": 0.0
    },
    "traffic_cone": {
      "trans_err": 0.0,
      "scale_err": 0.0,
      "orient_err": 0.0,
      "vel_err": 0.0,
      "attr_err": 0.0
    }
  },
  "tp_errors": {
    "trans_err": 0.03296496818913332,
    "scale_err": 0.03740731490835216,
    "orient_err": 0.0017530837300977447,
    "vel_err": 0.0,
    "attr_err": 0.0
  },
  "tp_scores": {
    "trans_err": 0.9670350318108667,
    "scale_err": 0.9625926850916479,
    "orient_err": 0.9982469162699023,
    "vel_err": 1.0,
    "attr_err": 1.0
  },
  "nd_score": 0.7033548354512804,
  "eval_time": null,
  "cfg": {
    "class_range": {
      "car": 50,
      "truck": 50,
      "bus": 50,
      "trailer": 50,
      "construction_vehicle": 50,
      "pedestrian": 40,
      "motorcycle": 40,
      "bicycle": 40,
      "traffic_cone": 30,
      "barrier": 30
    },
    "dist_fcn": "center_distance",
    "dist_ths": [
      0.5,
      1.0,
      2.0,
      4.0
    ],
    "dist_th_tp": 2.0,
    "min_recall": 0.1,
    "min_precision": 0.1,
    "max_boxes_per_sample": 500,
    "mean_ap_weight": 5
  },
  "meta": {
    "use_lidar": true,
    "use_camera": false,
    "use_radar": false,
    "use_map": false,
    "use_external": false
  }
}