{
  "label_aps": {
    "car": {
      "2.0": 0.798621007250637
    },
    "truck": {
      "2.0": 0.9888888888888892
    },
    "bus": {
      "2.0": 0.0
    },
    "trailer": {
      "2.0": 0.0
    },
    "construction_vehicle": {
      "2.0": 0.9888888888888892
    },
    "pedestrian": {
      "2.0": 0.7516068417865595
    },
    "motorcycle": {
      "2.0": 0.0
    },
    "bicycle": {
      "2.0": 0.0
    },
    "traffic_cone": {
      "2.0": 0.7673314339981008
    },
    "barrier": {
      "2.0": 0.65995020182455
    }
  },
  "label_aps_crit": {
    "car": {
      "2.0": 0.798621007250637
    },
    "truck": {
      "2.0": 0.9888888888888892
    },
    "bus": {
      "2.0": 0.0
    },
    "trailer": {
      "2.0": 0.0
    },
    "construction_vehicle": {
      "2.0": 0.9888888888888892
    },
    "pedestrian": {
      "2.0": 0.7516068417865595
    },
    "motorcycle": {
      "2.0": 0.0
    },
    "bicycle": {
      "2.0": 0.0
    },
    "traffic_cone": {
      "2.0": 0.7673314339981008
    },
    "barrier": {
      "2.0": 0.65995020182455
    }
  },
  "mean_dist_aps": {
    "car": 0.798621007250637,
    "truck": 0.9888888888888892,
    "bus": 0.0,
    "trailer": 0.0,
    "construction_vehicle": 0.9888888888888892,
    "pedestrian": 0.7516068417865595,
    "motorcycle": 0.0,
    "bicycle": 0.0,
    "traffic_cone": 0.7673314339981008,
    "barrier": 0.65995020182455
  },
  "mean_ap": 0.49552872626376254,
  "mean_ap_crit": 0.4073723854004296,
  "label_tp_errors": {
    "barrier": {
      "trans_err": 0.5912987340856872,
      "scale_err": 0.9646041273428642,
      "orient_err": 1.033588023934877,
      "vel_err": NaN,
      "attr_err": NaN
    },
    "car": {
      "trans_err": 0.0,
      "scale_err": 0.0,
      "orient_err": 0.0,
      "vel_err": 0.0,
      "attr_err": 0.0
    },
    "truck": {
      "trans_err": 0.0,
      "scale_err": 0.0,
      "orient_err": 0.0,
      "vel_err": 0.0,
      "attr_err": 0.0
    },
    "bus": {
      "trans_err": 0.0,
      "scale_err": 0.0,
      "orient_err": 0.0,
      "vel_err": 0.0,
      "attr_err": 0.0
    },
    "trailer": {
      "trans_err": 0.0,
      "scale_err": 0.0,
      "orient_err": 0.0,
      "vel_err": 0.0,
      "attr_err": 0.0
    },
    "construction_vehicle": {
      "trans_err": 0.0,
      "scale_err": 0.0,
      "orient_err": 0.0,
      "vel_err": 0.0,
      "attr_err": 0.0
    },
    "pedestrian": {
      "trans_err": 0.0,
      "scale_err": 0.0,
      "orient_err": 0.0,
      "vel_err": 0.0,
      "attr_err": 0.0
    },
    "motorcycle": {
      "trans_err": 0.0,
      "scale_err": 0.0,
      "orient_err": 0.0,
      "vel_err": 0.0,
      "attr_err": 0.0
    },
    "bicycle": {
      "trans_err": 0.0,
      "scale_err": 0.0,
      "orient_err": 0.0,
      "vel_err": 0.0,
      "attr_err": 0.0
    },
    "traffic_cone": {
      "trans_err": 0.0,
      "scale_err": 0.0,
      "orient_err": 0.0,
      "vel_err": 0.0,
      "attr_err": 0.0
    }
  },
  "tp_errors": {
    "trans_err": 0.05912987340856872,
    "scale_err": 0.09646041273428642,
    "orient_err": 0.10335880239348769,
    "vel_err": 0.0,
    "attr_err": 0.0
  },
  "tp_scores": {
    "trans_err": 0.9408701265914313,
    "scale_err": 0.9035395872657136,
    "orient_err": 0.8966411976065123,
    "vel_err": 1.0,
    "attr_err": 1.0
  },
  "nd_score": 0.721869454278247,
  "eval_time": null,
  "cfg": {
    "class_range": {
      "car": 50,
      "truck": 50,
      "bus": 50,
      "trailer": 50,
      "construction_vehicle": 50,
      "pedestrian": 40,
      "motorcycle": 40,
      "bicycle": 40,
      "traffic_cone": 30,
      "barrier": 30
    },
    "dist_fcn": "center_distance",
    "dist_ths": [
      0.5,
      1.0,
      2.0,
      4.0
    ],
    "dist_th_tp": 2.0,
    "min_recall": 0.1,
    "min_precision": 0.1,
    "max_boxes_per_sample": 500,
    "mean_ap_weight": 5
  },
  "meta": {
    "use_lidar": true,
    "use_camera": false,
    "use_radar": false,
    "use_map": false,
    "use_external": false
  }
}