{
  "label_aps": {
    "car": {
      "2.0": 0.7771234567901236
    },
    "truck": {
      "2.0": 0.43621399176954734
    },
    "bus": {
      "2.0": 0.0
    },
    "trailer": {
      "2.0": 0.0
    },
    "construction_vehicle": {
      "2.0": 0.0
    },
    "pedestrian": {
      "2.0": 0.5583052749719416
    },
    "motorcycle": {
      "2.0": 0.0
    },
    "bicycle": {
      "2.0": 0.0
    },
    "traffic_cone": {
      "2.0": 0.16049382716049382
    },
    "barrier": {
      "2.0": 0.6040428158745152
    }
  },
  "label_aps_crit": {
    "car": {
      "2.0": 0.7771234567901236
    },
    "truck": {
      "2.0": 0.43621399176954734
    },
    "bus": {
      "2.0": 0.0
    },
    "trailer": {
      "2.0": 0.0
    },
    "construction_vehicle": {
      "2.0": 0.0
    },
    "pedestrian": {
      "2.0": 0.5583052749719416
    },
    "motorcycle": {
      "2.0": 0.0
    },
    "bicycle": {
      "2.0": 0.0
    },
    "traffic_cone": {
      "2.0": 0.16049382716049382
    },
    "barrier": {
      "2.0": 0.6040428158745152
    }
  },
  "mean_dist_aps": {
    "car": 0.7771234567901236,
    "truck": 0.43621399176954734,
    "bus": 0.0,
    "trailer": 0.0,
    "construction_vehicle": 0.0,
    "pedestrian": 0.5583052749719416,
    "motorcycle": 0.0,
    "bicycle": 0.0,
    "traffic_cone": 0.16049382716049382,
    "barrier": 0.6040428158745152
  },
  "mean_ap": 0.2536179366566621,
  "mean_ap_crit": 0.22380357323472344,
  "label_tp_errors": {
    "barrier": {
      "trans_err": 0.8441987885056111,
      "scale_err": 0.28066305359467597,
      "orient_err": 0.12917452196354726,
      "vel_err": NaN,
      "attr_err": NaN
    },
    "car": {
      "trans_err": 0.0,
      "scale_err": 0.0,
      "orient_err": 0.0,
      "vel_err": 0.0,
      "attr_err": 0.0
    },
    "truck": {
      "trans_err": 0.0,
      "scale_err": 0.0,
      "orient_err": 0.0,
      "vel_err": 0.0,
      "attr_err": 0.0
    },
    "bus": {
      "trans_err": 0.0,
      "scale_err": 0.0,
      "orient_err": 0.0,
      "vel_err": 0.0,
      "attr_err": 0.0
    },
    "trailer": {
      "trans_err": 0.0,
      "scale_err": 0.0,
      "orient_err": 0.0,
      "vel_err": 0.0,
      "attr_err": 0.0
    },
    "construction_vehicle": {
      "trans_err": 0.0,
      "scale_err": 0.0,
      "orient_err": 0.0,
      "vel_err": 0.0,
      "attr_err": 0.0
    },
    "pedestrian": {
      "trans_err": 0.0,
      "scale_err": 0.0,
      "orient_err": 0.0,
      "vel_err": 0.0,
      "attr_err": 0.0
    },
    "motorcycle": {
      "trans_err": 0.0,
      "scale_err": 0.0,
      "orient_err": 0.0,
      "vel_err": 0.0,
      "attr_err": 0.0
    },
    "bicycle": {
      "trans_err": 0.0,
      "scale_err": 0.0,
      "orient_err": 0.0,
      "vel_err": 0.0,
      "attr_err": 0.0
    },
    "traffic_cone": {
      "trans_err": 0.0,
      "scale_err": 0.0,
      "orient_err": 0.0,
      "vel_err": 0.0,
      "attr_err": 0.0
    }
  },
  "tp_errors": {
    "trans_err": 0.08441987885056111,
    "scale_err": 0.028066305359467598,
    "orient_err": 0.012917452196354725,
    "vel_err": 0.0,
    "attr_err": 0.0
  },
  "tp_scores": {
    "trans_err": 0.9155801211494389,
    "scale_err": 0.9719336946405324,
    "orient_err": 0.9870825478036452,
    "vel_err": 1.0,
    "attr_err": 1.0
  },
  "nd_score": 0.6142686046876926,
  "eval_time": null,
  "cfg": {
    "class_range": {
      "car": 50,
      "truck": 50,
      "bus": 50,
      "trailer": 50,
      "construction_vehicle": 50,
      "pedestrian": 40,
      "motorcycle": 40,
      "bicycle": 40,
      "traffic_cone": 30,
      "barrier": 30
    },
    "dist_fcn": "center_distance",
    "dist_ths": [
      0.5,
      1.0,
      2.0,
      4.0
    ],
    "dist_th_tp": 2.0,
    "min_recall": 0.1,
    "min_precision": 0.1,
    "max_boxes_per_sample": 500,
    "mean_ap_weight": 5
  },
  "meta": {
    "use_lidar": true,
    "use_camera": false,
    "use_radar": false,
    "use_map": false,
    "use_external": false
  }
}