{
  "label_aps": {
    "car": {
      "2.0": 0.44426543209876546
    },
    "truck": {
      "2.0": 0.6222222222222222
    },
    "bus": {
      "2.0": 0.0
    },
    "trailer": {
      "2.0": 1.0000000000000004
    },
    "construction_vehicle": {
      "2.0": 1.0000000000000004
    },
    "pedestrian": {
      "2.0": 0.6777777777777779
    },
    "motorcycle": {
      "2.0": 0.0
    },
    "bicycle": {
      "2.0": 0.0
    },
    "traffic_cone": {
      "2.0": 0.0
    },
    "barrier": {
      "2.0": 0.5064053497942387
    }
  },
  "label_aps_crit": {
    "car": {
      "2.0": 0.44426543209876546
    },
    "truck": {
      "2.0": 0.6222222222222222
    },
    "bus": {
      "2.0": 0.0
    },
    "trailer": {
      "2.0": 1.0000000000000004
    },
    "construction_vehicle": {
      "2.0": 1.0000000000000004
    },
    "pedestrian": {
      "2.0": 0.6777777777777779
    },
    "motorcycle": {
      "2.0": 0.0
    },
    "bicycle": {
      "2.0": 0.0
    },
    "traffic_cone": {
      "2.0": 0.0
    },
    "barrier": {
      "2.0": 0.5064053497942387
    }
  },
  "mean_dist_aps": {
    "car": 0.44426543209876546,
    "truck": 0.6222222222222222,
    "bus": 0.0,
    "trailer": 1.0000000000000004,
    "construction_vehicle": 1.0000000000000004,
    "pedestrian": 0.6777777777777779,
    "motorcycle": 0.0,
    "bicycle": 0.0,
    "traffic_cone": 0.0,
    "barrier": 0.5064053497942387
  },
  "mean_ap": 0.4250670781893005,
  "mean_ap_crit": NaN,
  "label_tp_errors": {
    "barrier": {
      "trans_err": 0.9654801363031603,
      "scale_err": 0.17802790602659663,
      "orient_err": 0.027232634831966435,
      "vel_err": NaN,
      "attr_err": NaN
    },
    "car": {
      "trans_err": 0.0,
      "scale_err": 0.0,
      "orient_err": 0.0,
      "vel_err": 0.0,
      "attr_err": 0.0
    },
    "truck": {
      "trans_err": 0.0,
      "scale_err": 0.0,
      "orient_err": 0.0,
      "vel_err": 0.0,
      "attr_err": 0.0
    },
    "bus": {
      "trans_err": 0.0,
      "scale_err": 0.0,
      "orient_err": 0.0,
      "vel_err": 0.0,
      "attr_err": 0.0
    },
    "trailer": {
      "trans_err": 0.0,
      "scale_err": 0.0,
      "orient_err": 0.0,
      "vel_err": 0.0,
      "attr_err": 0.0
    },
    "construction_vehicle": {
      "trans_err": 0.0,
      "scale_err": 0.0,
      "orient_err": 0.0,
      "vel_err": 0.0,
      "attr_err": 0.0
    },
    "pedestrian": {
      "trans_err": 0.0,
      "scale_err": 0.0,
      "orient_err": 0.0,
      "vel_err": 0.0,
      "attr_err": 0.0
    },
    "motorcycle": {
      "trans_err": 0.0,
      "scale_err": 0.0,
      "orient_err": 0.0,
      "vel_err": 0.0,
      "attr_err": 0.0
    },
    "bicycle": {
      "trans_err": 0.0,
      "scale_err": 0.0,
      "orient_err": 0.0,
      "vel_err": 0.0,
      "attr_err": 0.0
    },
    "traffic_cone": {
      "trans_err": 0.0,
      "scale_err": 0.0,
      "orient_err": 0.0,
      "vel_err": 0.0,
      "attr_err": 0.0
    }
  },
  "tp_errors": {
    "trans_err": 0.09654801363031604,
    "scale_err": 0.017802790602659664,
    "orient_err": 0.0027232634831966434,
    "vel_err": 0.0,
    "attr_err": 0.0
  },
  "tp_scores": {
    "trans_err": 0.9034519863696839,
    "scale_err": 0.9821972093973403,
    "orient_err": 0.9972767365168034,
    "vel_err": 1.0,
    "attr_err": 1.0
  },
  "nd_score": 0.7008261323230329,
  "eval_time": null,
  "cfg": {
    "class_range": {
      "car": 50,
      "truck": 50,
      "bus": 50,
      "trailer": 50,
      "construction_vehicle": 50,
      "pedestrian": 40,
      "motorcycle": 40,
      "bicycle": 40,
      "traffic_cone": 30,
      "barrier": 30
    },
    "dist_fcn": "center_distance",
    "dist_ths": [
      0.5,
      1.0,
      2.0,
      4.0
    ],
    "dist_th_tp": 2.0,
    "min_recall": 0.1,
    "min_precision": 0.1,
    "max_boxes_per_sample": 500,
    "mean_ap_weight": 5
  },
  "meta": {
    "use_lidar": true,
    "use_camera": false,
    "use_radar": false,
    "use_map": false,
    "use_external": false
  }
}