{
  "label_aps": {
    "car": {
      "2.0": 0.5555555555555556
    },
    "truck": {
      "2.0": 0.4351851851851852
    },
    "bus": {
      "2.0": 0.4444444444444445
    },
    "trailer": {
      "2.0": 1.0000000000000004
    },
    "construction_vehicle": {
      "2.0": 0.0
    },
    "pedestrian": {
      "2.0": 0.5555555555555556
    },
    "motorcycle": {
      "2.0": 0.0
    },
    "bicycle": {
      "2.0": 1.0000000000000004
    },
    "traffic_cone": {
      "2.0": 0.0
    },
    "barrier": {
      "2.0": 0.13333333333333333
    }
  },
  "label_aps_crit": {
    "car": {
      "2.0": 0.5555555555555556
    },
    "truck": {
      "2.0": 0.4351851851851852
    },
    "bus": {
      "2.0": 0.4444444444444445
    },
    "trailer": {
      "2.0": 1.0000000000000004
    },
    "construction_vehicle": {
      "2.0": 0.0
    },
    "pedestrian": {
      "2.0": 0.5555555555555556
    },
    "motorcycle": {
      "2.0": 0.0
    },
    "bicycle": {
      "2.0": 1.0000000000000004
    },
    "traffic_cone": {
      "2.0": 0.0
    },
    "barrier": {
      "2.0": 0.13333333333333333
    }
  },
  "mean_dist_aps": {
    "car": 0.5555555555555556,
    "truck": 0.4351851851851852,
    "bus": 0.4444444444444445,
    "trailer": 1.0000000000000004,
    "construction_vehicle": 0.0,
    "pedestrian": 0.5555555555555556,
    "motorcycle": 0.0,
    "bicycle": 1.0000000000000004,
    "traffic_cone": 0.0,
    "barrier": 0.13333333333333333
  },
  "mean_ap": 0.4124074074074075,
  "mean_ap_crit": 0.40969891300150224,
  "label_tp_errors": {
    "barrier": {
      "trans_err": 0.3169524734993229,
      "scale_err": 0.20316693569083263,
      "orient_err": 0.04853367324364596,
      "vel_err": NaN,
      "attr_err": NaN
    },
    "car": {
      "trans_err": 0.0,
      "scale_err": 0.0,
      "orient_err": 0.0,
      "vel_err": 0.0,
      "attr_err": 0.0
    },
    "truck": {
      "trans_err": 0.0,
      "scale_err": 0.0,
      "orient_err": 0.0,
      "vel_err": 0.0,
      "attr_err": 0.0
    },
    "bus": {
      "trans_err": 0.0,
      "scale_err": 0.0,
      "orient_err": 0.0,
      "vel_err": 0.0,
      "attr_err": 0.0
    },
    "trailer": {
      "trans_err": 0.0,
      "scale_err": 0.0,
      "orient_err": 0.0,
      "vel_err": 0.0,
      "attr_err": 0.0
    },
    "construction_vehicle": {
      "trans_err": 0.0,
      "scale_err": 0.0,
      "orient_err": 0.0,
      "vel_err": 0.0,
      "attr_err": 0.0
    },
    "pedestrian": {
      "trans_err": 0.0,
      "scale_err": 0.0,
      "orient_err": 0.0,
      "vel_err": 0.0,
      "attr_err": 0.0
    },
    "motorcycle": {
      "trans_err": 0.0,
      "scale_err": 0.0,
      "orient_err": 0.0,
      "vel_err": 0.0,
      "attr_err": 0.0
    },
    "bicycle": {
      "trans_err": 0.0,
      "scale_err": 0.0,
      "orient_err": 0.0,
      "vel_err": 0.0,
      "attr_err": 0.0
    },
    "traffic_cone": {
      "trans_err": 0.0,
      "scale_err": 0.0,
      "orient_err": 0.0,
      "vel_err": 0.0,
      "attr_err": 0.0
    }
  },
  "tp_errors": {
    "trans_err": 0.03169524734993229,
    "scale_err": 0.020316693569083263,
    "orient_err": 0.004853367324364596,
    "vel_err": 0.0,
    "attr_err": 0.0
  },
  "tp_scores": {
    "trans_err": 0.9683047526500677,
    "scale_err": 0.9796833064309167,
    "orient_err": 0.9951466326756354,
    "vel_err": 1.0,
    "attr_err": 1.0
  },
  "nd_score": 0.7005171728793658,
  "eval_time": null,
  "cfg": {
    "class_range": {
      "car": 50,
      "truck": 50,
      "bus": 50,
      "trailer": 50,
      "construction_vehicle": 50,
      "pedestrian": 40,
      "motorcycle": 40,
      "bicycle": 40,
      "traffic_cone": 30,
      "barrier": 30
    },
    "dist_fcn": "center_distance",
    "dist_ths": [
      0.5,
      1.0,
      2.0,
      4.0
    ],
    "dist_th_tp": 2.0,
    "min_recall": 0.1,
    "min_precision": 0.1,
    "max_boxes_per_sample": 500,
    "mean_ap_weight": 5
  },
  "meta": {
    "use_lidar": true,
    "use_camera": false,
    "use_radar": false,
    "use_map": false,
    "use_external": false
  }
}