{
  "label_aps": {
    "car": {
      "2.0": 0.7051587301587302
    },
    "truck": {
      "2.0": 1.0000000000000004
    },
    "bus": {
      "2.0": 0.0
    },
    "trailer": {
      "2.0": 0.0
    },
    "construction_vehicle": {
      "2.0": 1.0000000000000004
    },
    "pedestrian": {
      "2.0": 0.44820693709582593
    },
    "motorcycle": {
      "2.0": 0.0
    },
    "bicycle": {
      "2.0": 0.2555555555555556
    },
    "traffic_cone": {
      "2.0": 0.5379365747219778
    },
    "barrier": {
      "2.0": 0.016049382716049377
    }
  },
  "label_aps_crit": {
    "car": {
      "2.0": 0.7051587301587302
    },
    "truck": {
      "2.0": 1.0000000000000004
    },
    "bus": {
      "2.0": 0.0
    },
    "trailer": {
      "2.0": 0.0
    },
    "construction_vehicle": {
      "2.0": 1.0000000000000004
    },
    "pedestrian": {
      "2.0": 0.44820693709582593
    },
    "motorcycle": {
      "2.0": 0.0
    },
    "bicycle": {
      "2.0": 0.2555555555555556
    },
    "traffic_cone": {
      "2.0": 0.5379365747219778
    },
    "barrier": {
      "2.0": 0.016049382716049377
    }
  },
  "mean_dist_aps": {
    "car": 0.7051587301587302,
    "truck": 1.0000000000000004,
    "bus": 0.0,
    "trailer": 0.0,
    "construction_vehicle": 1.0000000000000004,
    "pedestrian": 0.44820693709582593,
    "motorcycle": 0.0,
    "bicycle": 0.2555555555555556,
    "traffic_cone": 0.5379365747219778,
    "barrier": 0.016049382716049377
  },
  "mean_ap": 0.39629071802481397,
  "mean_ap_crit": 0.3693038691335898,
  "label_tp_errors": {
    "barrier": {
      "trans_err": 0.9165714863196134,
      "scale_err": 0.47720916893429466,
      "orient_err": 0.00342071801291155,
      "vel_err": NaN,
      "attr_err": NaN
    },
    "car": {
      "trans_err": 0.0,
      "scale_err": 0.0,
      "orient_err": 0.0,
      "vel_err": 0.0,
      "attr_err": 0.0
    },
    "truck": {
      "trans_err": 0.0,
      "scale_err": 0.0,
      "orient_err": 0.0,
      "vel_err": 0.0,
      "attr_err": 0.0
    },
    "bus": {
      "trans_err": 0.0,
      "scale_err": 0.0,
      "orient_err": 0.0,
      "vel_err": 0.0,
      "attr_err": 0.0
    },
    "trailer": {
      "trans_err": 0.0,
      "scale_err": 0.0,
      "orient_err": 0.0,
      "vel_err": 0.0,
      "attr_err": 0.0
    },
    "construction_vehicle": {
      "trans_err": 0.0,
      "scale_err": 0.0,
      "orient_err": 0.0,
      "vel_err": 0.0,
      "attr_err": 0.0
    },
    "pedestrian": {
      "trans_err": 0.0,
      "scale_err": 0.0,
      "orient_err": 0.0,
      "vel_err": 0.0,
      "attr_err": 0.0
    },
    "motorcycle": {
      "trans_err": 0.0,
      "scale_err": 0.0,
      "orient_err": 0.0,
      "vel_err": 0.0,
      "attr_err": 0.0
    },
    "bicycle": {
      "trans_err": 0.0,
      "scale_err": 0.0,
      "orient_err": 0.0,
      "vel_err": 0.0,
      "attr_err": 0.0
    },
    "traffic_cone": {
      "trans_err": 0.0,
      "scale_err": 0.0,
      "orient_err": 0.0,
      "vel_err": 0.0,
      "attr_err": 0.0
    }
  },
  "tp_errors": {
    "trans_err": 0.09165714863196134,
    "scale_err": 0.047720916893429464,
    "orient_err": 0.000342071801291155,
    "vel_err": 0.0,
    "attr_err": 0.0
  },
  "tp_scores": {
    "trans_err": 0.9083428513680387,
    "scale_err": 0.9522790831065705,
    "orient_err": 0.9996579281987088,
    "vel_err": 1.0,
    "attr_err": 1.0
  },
  "nd_score": 0.6841733452797387,
  "eval_time": null,
  "cfg": {
    "class_range": {
      "car": 50,
      "truck": 50,
      "bus": 50,
      "trailer": 50,
      "construction_vehicle": 50,
      "pedestrian": 40,
      "motorcycle": 40,
      "bicycle": 40,
      "traffic_cone": 30,
      "barrier": 30
    },
    "dist_fcn": "center_distance",
    "dist_ths": [
      0.5,
      1.0,
      2.0,
      4.0
    ],
    "dist_th_tp": 2.0,
    "min_recall": 0.1,
    "min_precision": 0.1,
    "max_boxes_per_sample": 500,
    "mean_ap_weight": 5
  },
  "meta": {
    "use_lidar": true,
    "use_camera": false,
    "use_radar": false,
    "use_map": false,
    "use_external": false
  }
}