{
  "label_aps": {
    "car": {
      "2.0": 0.8078257887517146
    },
    "truck": {
      "2.0": 0.9888888888888892
    },
    "bus": {
      "2.0": 0.0
    },
    "trailer": {
      "2.0": 0.0
    },
    "construction_vehicle": {
      "2.0": 0.0
    },
    "pedestrian": {
      "2.0": 0.9768434886499405
    },
    "motorcycle": {
      "2.0": 0.0
    },
    "bicycle": {
      "2.0": 0.0
    },
    "traffic_cone": {
      "2.0": 0.0
    },
    "barrier": {
      "2.0": 0.844562144047392
    }
  },
  "label_aps_crit": {
    "car": {
      "2.0": 0.8078257887517146
    },
    "truck": {
      "2.0": 0.9888888888888892
    },
    "bus": {
      "2.0": 0.0
    },
    "trailer": {
      "2.0": 0.0
    },
    "construction_vehicle": {
      "2.0": 0.0
    },
    "pedestrian": {
      "2.0": 0.9768434886499405
    },
    "motorcycle": {
      "2.0": 0.0
    },
    "bicycle": {
      "2.0": 0.0
    },
    "traffic_cone": {
      "2.0": 0.0
    },
    "barrier": {
      "2.0": 0.844562144047392
    }
  },
  "mean_dist_aps": {
    "car": 0.8078257887517146,
    "truck": 0.9888888888888892,
    "bus": 0.0,
    "trailer": 0.0,
    "construction_vehicle": 0.0,
    "pedestrian": 0.9768434886499405,
    "motorcycle": 0.0,
    "bicycle": 0.0,
    "traffic_cone": 0.0,
    "barrier": 0.844562144047392
  },
  "mean_ap": 0.36181203103379367,
  "mean_ap_crit": 0.31432978523304733,
  "label_tp_errors": {
    "barrier": {
      "trans_err": 0.32293410201719835,
      "scale_err": 0.30326489005817664,
      "orient_err": 0.03453303165234473,
      "vel_err": NaN,
      "attr_err": NaN
    },
    "car": {
      "trans_err": 0.0,
      "scale_err": 0.0,
      "orient_err": 0.0,
      "vel_err": 0.0,
      "attr_err": 0.0
    },
    "truck": {
      "trans_err": 0.0,
      "scale_err": 0.0,
      "orient_err": 0.0,
      "vel_err": 0.0,
      "attr_err": 0.0
    },
    "bus": {
      "trans_err": 0.0,
      "scale_err": 0.0,
      "orient_err": 0.0,
      "vel_err": 0.0,
      "attr_err": 0.0
    },
    "trailer": {
      "trans_err": 0.0,
      "scale_err": 0.0,
      "orient_err": 0.0,
      "vel_err": 0.0,
      "attr_err": 0.0
    },
    "construction_vehicle": {
      "trans_err": 0.0,
      "scale_err": 0.0,
      "orient_err": 0.0,
      "vel_err": 0.0,
      "attr_err": 0.0
    },
    "pedestrian": {
      "trans_err": 0.0,
      "scale_err": 0.0,
      "orient_err": 0.0,
      "vel_err": 0.0,
      "attr_err": 0.0
    },
    "motorcycle": {
      "trans_err": 0.0,
      "scale_err": 0.0,
      "orient_err": 0.0,
      "vel_err": 0.0,
      "attr_err": 0.0
    },
    "bicycle": {
      "trans_err": 0.0,
      "scale_err": 0.0,
      "orient_err": 0.0,
      "vel_err": 0.0,
      "attr_err": 0.0
    },
    "traffic_cone": {
      "trans_err": 0.0,
      "scale_err": 0.0,
      "orient_err": 0.0,
      "vel_err": 0.0,
      "attr_err": 0.0
    }
  },
  "tp_errors": {
    "trans_err": 0.03229341020171984,
    "scale_err": 0.030326489005817664,
    "orient_err": 0.0034533031652344733,
    "vel_err": 0.0,
    "attr_err": 0.0
  },
  "tp_scores": {
    "trans_err": 0.9677065897982802,
    "scale_err": 0.9696735109941823,
    "orient_err": 0.9965466968347655,
    "vel_err": 1.0,
    "attr_err": 1.0
  },
  "nd_score": 0.6742986952796196,
  "eval_time": null,
  "cfg": {
    "class_range": {
      "car": 50,
      "truck": 50,
      "bus": 50,
      "trailer": 50,
      "construction_vehicle": 50,
      "pedestrian": 40,
      "motorcycle": 40,
      "bicycle": 40,
      "traffic_cone": 30,
      "barrier": 30
    },
    "dist_fcn": "center_distance",
    "dist_ths": [
      0.5,
      1.0,
      2.0,
      4.0
    ],
    "dist_th_tp": 2.0,
    "min_recall": 0.1,
    "min_precision": 0.1,
    "max_boxes_per_sample": 500,
    "mean_ap_weight": 5
  },
  "meta": {
    "use_lidar": true,
    "use_camera": false,
    "use_radar": false,
    "use_map": false,
    "use_external": false
  }
}