{
  "label_aps": {
    "car": {
      "2.0": 0.809430335097002
    },
    "truck": {
      "2.0": 0.6222222222222222
    },
    "bus": {
      "2.0": 0.0
    },
    "trailer": {
      "2.0": 0.9938271604938275
    },
    "construction_vehicle": {
      "2.0": 0.9938271604938275
    },
    "pedestrian": {
      "2.0": 0.8333333333333335
    },
    "motorcycle": {
      "2.0": 0.0
    },
    "bicycle": {
      "2.0": 0.0
    },
    "traffic_cone": {
      "2.0": 0.2555555555555556
    },
    "barrier": {
      "2.0": 0.7165246423672349
    }
  },
  "label_aps_crit": {
    "car": {
      "2.0": 0.809430335097002
    },
    "truck": {
      "2.0": 0.6222222222222222
    },
    "bus": {
      "2.0": 0.0
    },
    "trailer": {
      "2.0": 0.9938271604938275
    },
    "construction_vehicle": {
      "2.0": 0.9938271604938275
    },
    "pedestrian": {
      "2.0": 0.8333333333333335
    },
    "motorcycle": {
      "2.0": 0.0
    },
    "bicycle": {
      "2.0": 0.0
    },
    "traffic_cone": {
      "2.0": 0.2555555555555556
    },
    "barrier": {
      "2.0": 0.7165246423672349
    }
  },
  "mean_dist_aps": {
    "car": 0.809430335097002,
    "truck": 0.6222222222222222,
    "bus": 0.0,
    "trailer": 0.9938271604938275,
    "construction_vehicle": 0.9938271604938275,
    "pedestrian": 0.8333333333333335,
    "motorcycle": 0.0,
    "bicycle": 0.0,
    "traffic_cone": 0.2555555555555556,
    "barrier": 0.7165246423672349
  },
  "mean_ap": 0.5224720409563003,
  "mean_ap_crit": NaN,
  "label_tp_errors": {
    "barrier": {
      "trans_err": 0.916748974369413,
      "scale_err": 0.17881214258238937,
      "orient_err": 0.02815378558336837,
      "vel_err": NaN,
      "attr_err": NaN
    },
    "car": {
      "trans_err": 0.0,
      "scale_err": 0.0,
      "orient_err": 0.0,
      "vel_err": 0.0,
      "attr_err": 0.0
    },
    "truck": {
      "trans_err": 0.0,
      "scale_err": 0.0,
      "orient_err": 0.0,
      "vel_err": 0.0,
      "attr_err": 0.0
    },
    "bus": {
      "trans_err": 0.0,
      "scale_err": 0.0,
      "orient_err": 0.0,
      "vel_err": 0.0,
      "attr_err": 0.0
    },
    "trailer": {
      "trans_err": 0.0,
      "scale_err": 0.0,
      "orient_err": 0.0,
      "vel_err": 0.0,
      "attr_err": 0.0
    },
    "construction_vehicle": {
      "trans_err": 0.0,
      "scale_err": 0.0,
      "orient_err": 0.0,
      "vel_err": 0.0,
      "attr_err": 0.0
    },
    "pedestrian": {
      "trans_err": 0.0,
      "scale_err": 0.0,
      "orient_err": 0.0,
      "vel_err": 0.0,
      "attr_err": 0.0
    },
    "motorcycle": {
      "trans_err": 0.0,
      "scale_err": 0.0,
      "orient_err": 0.0,
      "vel_err": 0.0,
      "attr_err": 0.0
    },
    "bicycle": {
      "trans_err": 0.0,
      "scale_err": 0.0,
      "orient_err": 0.0,
      "vel_err": 0.0,
      "attr_err": 0.0
    },
    "traffic_cone": {
      "trans_err": 0.0,
      "scale_err": 0.0,
      "orient_err": 0.0,
      "vel_err": 0.0,
      "attr_err": 0.0
    }
  },
  "tp_errors": {
    "trans_err": 0.09167489743694131,
    "scale_err": 0.017881214258238937,
    "orient_err": 0.002815378558336837,
    "vel_err": 0.0,
    "attr_err": 0.0
  },
  "tp_scores": {
    "trans_err": 0.9083251025630587,
    "scale_err": 0.982118785741761,
    "orient_err": 0.9971846214416632,
    "vel_err": 1.0,
    "attr_err": 1.0
  },
  "nd_score": 0.7499988714527983,
  "eval_time": null,
  "cfg": {
    "class_range": {
      "car": 50,
      "truck": 50,
      "bus": 50,
      "trailer": 50,
      "construction_vehicle": 50,
      "pedestrian": 40,
      "motorcycle": 40,
      "bicycle": 40,
      "traffic_cone": 30,
      "barrier": 30
    },
    "dist_fcn": "center_distance",
    "dist_ths": [
      0.5,
      1.0,
      2.0,
      4.0
    ],
    "dist_th_tp": 2.0,
    "min_recall": 0.1,
    "min_precision": 0.1,
    "max_boxes_per_sample": 500,
    "mean_ap_weight": 5
  },
  "meta": {
    "use_lidar": true,
    "use_camera": false,
    "use_radar": false,
    "use_map": false,
    "use_external": false
  }
}